,label,seq,groups,len
5,0.0,HSGEKQFKCNICNKAFHQVYNLTFHMHTHNDKKPFTCPTCGKGFCRNFDLKKHVRKLHDSSLGLARTPAGEPGTEPPPPLPQQPPMTLPPLQ,0,92
6,0.0,DQRHAGNKPIKGQLESRFHLHLRRHRRIHTGEKPYKCEECEKVFSCKSHLEIHRIIHTGEKPYKCKVCDKAFKHDSHLAKHTRIHRGDKHYT,1,92
7,0.0,HTGEKPYKCEECEKVFSCKSHLEIHRIIHTGEKPYKCKVCDKAFKHDSHLAKHTRIHRGDKHYTCNECGKVFDQKATLACHHRSHTGEKPYK,1,92
8,0.0,HTGEKPYKCKVCDKAFKHDSHLAKHTRIHRGDKHYTCNECGKVFDQKATLACHHRSHTGEKPYKCNECGKTFSQTSHLVYHHRLHTGEKPYK,1,92
16,0.0,HTGEKLYECEECDKVYIRKSHLERHRRIHTGEKPHKCGDCGKAFNSPSHLIRHQRIHTGQKSYKCHQCGKVFSLRSLLAEHQKIPFGDNCFK,1,92
26,0.0,HTGEKPYKCKVCEKAFRRDSHLTQHTRIHTGEKPYKCNECGKAFSGQSTLIHHQAIHGIGKLYKCNDCHKVFSNATTIANHWRIHNEERSYK,3,92
27,0.0,HTGEKPYKCNECGKAFSGQSTLIHHQAIHGIGKLYKCNDCHKVFSNATTIANHWRIHNEERSYKCNKCGKFFRRRSYLVVHWRTHTGEKPYK,3,92
28,0.0,HGIGKLYKCNDCHKVFSNATTIANHWRIHNEERSYKCNKCGKFFRRRSYLVVHWRTHTGEKPYKCNECGKTFHHNSALVIHKAIHTGEKPYK,3,92
29,0.0,HNEERSYKCNKCGKFFRRRSYLVVHWRTHTGEKPYKCNECGKTFHHNSALVIHKAIHTGEKPYKCNECGKTFRHNSALVIHKAIHTGEKPYK,3,92
30,0.0,HTGEKPYKCNECGKTFHHNSALVIHKAIHTGEKPYKCNECGKTFRHNSALVIHKAIHTGEKPYKCNECGKVFNQQATLARHHRLHTGEKPYK,3,92
31,0.0,HTGEKPYKCNECGKTFRHNSALVIHKAIHTGEKPYKCNECGKVFNQQATLARHHRLHTGEKPYKCEECDTVFSRKSHHETHKRIHTGEKPYK,3,92
32,0.0,HTGEKPYKCNECGKVFNQQATLARHHRLHTGEKPYKCEECDTVFSRKSHHETHKRIHTGEKPYKCDDFDEAFSQASSYAKQRRIHMGEKHHK,3,92
33,0.0,HTGEKPYKCDDFDEAFSQASSYAKQRRIHMGEKHHKCDDCGKAFTSHSHRIRHQRIHTGQKSYKCHKRGKVFS,3,73
34,0.0,TTQNKIFQYDKYVKVFHKFSNSNRHKIGHTGKKSFKCKECEKSFCMLSHLAQHKRIHSGEKPYKCKECGKAYNEASNLSTHKRIHTGKKPYK,4,92
42,0.0,HSGEKPYKCEECGKAFKQSSTLTTHKRIHAGEKFYKCEVCSKAFSRFSHLTTHKRIHTGEKPYKCEECGKAFNLSSQLTTHKIIHTGEKPYK,4,92
43,0.0,HAGEKFYKCEVCSKAFSRFSHLTTHKRIHTGEKPYKCEECGKAFNLSSQLTTHKIIHTGEKPYKCEECGKAFNQSSTLSKHKVIHTGEKPYK,4,92
44,0.0,HTGEKPYKCEECGKAFNLSSQLTTHKIIHTGEKPYKCEECGKAFNQSSTLSKHKVIHTGEKPYKCEECGKAFNQSSHLTTHKMIHTGEKPYK,4,92
45,0.0,HTGEKPYKCEECGKAFNQSSHLTTHKMIHTGEKPYKCEECGKAFNNSSILNRHKMIHTGEKLYKPESCNNACDNIAKISKYKRNCAGEK,4,89
46,0.0,HTGKKHFKCKNDGKSFCMLSRLNQHQIIHTREKSYKCEECGKSFNCSSTLTRHKRIHTGEKPYRCEECGKAFSWSASLTKHKRIHTGEKPYT,5,92
47,0.0,HTREKSYKCEECGKSFNCSSTLTRHKRIHTGEKPYRCEECGKAFSWSASLTKHKRIHTGEKPYTCEERGKVFSRSTLTNYKRIHTGEKPYTC,5,92
48,0.0,IHTGEKPYTCEERGKVFSRSTLTNYKRIHTGEKPYTCEECGKAFSRSSTLTNHKRIHTGERPYKCEECGKAFSLSSTLKKHKIVHTGEKLYT,5,92
49,0.0,HTGEKPYTCEECGKAFSRSSTLTNHKRIHTGERPYKCEECGKAFSLSSTLKKHKIVHTGEKLYTCEECGKAFTFSSTLNTHKRIHTGEKPYT,5,92
51,0.0,HTGEKLYTCEECGKAFTFSSTLNTHKRIHTGEKPYTCEECGKAFSLPSTFTYHKRTHTGEKPYKCEECGKAFNCSSTLKKHKIIHTGEKLYK,5,92
60,0.0,HTGEKPYECKECRKAFSVSSSLRRHVRIHTGEKPYECIQCGKAFSQSSSLIIHKRIHTERETL,6,63
61,0.0,GLQPLPLSGEGSRELELGAGRLASEDELGPGGPLCICPLCSKLFPSSHVLQLHLSAHFRERDSTRARLSPDGVAPTCPLCGKTFSCTYTLKR,7,92
62,0.0,GLQPLPLSGEGSRELELGAGRLASEDELGPGGPLCICPLCSKLFPSSHVLQLHLSAHFRERDSTRARLSPDGVAPTCPLCGKTFSCTYTLKR,7,92
71,0.0,DWAPPPEGGMEQALAGASSGRELGRPKELQPKKLHLCPLCGKNFSNNSNLIRHQRIHAAERLCMGVDCTEIFGGNPRFLSLHRAHLGEEAHK,9,92
72,0.0,HAAERLCMGVDCTEIFGGNPRFLSLHRAHLGEEAHKCLECGKCFSQNTHLTRHQRTHTGEKPYQCNICGKCFSCNSNLHRHQRTHTGEKPYK,9,92
76,0.0,ERERLYPFSECGEAVSDSTPFLTNHGAHKAEKKLFECLTCGKSFRQGMHLTRHQRTHTGEKPYKCTLCGENFSHRSNLIRHQRIHTGEKPYT,9,92
77,0.0,KAEKKLFECLTCGKSFRQGMHLTRHQRTHTGEKPYKCTLCGENFSHRSNLIRHQRIHTGEKPYTCHECGDSFSHSSNRIRHLRTHTGERPYK,9,92
78,0.0,HTGEKPYKCTLCGENFSHRSNLIRHQRIHTGEKPYTCHECGDSFSHSSNRIRHLRTHTGERPYKCSECGESFSRSSRLMSHQRTHTG,9,87
79,0.0,HTGEKPYTCHECGDSFSHSSNRIRHLRTHTGERPYKCSECGESFSRSSRLMSHQRTHTG,9,59
80,0.0,DGMSEVKDEQTPGWTTAASDMKFEYLLYGHHREQIACQACGKTFSDEGRLRKHEKLHTADRPFVCEMCTKGFTTQAHLKEHLKIHTGYKPYS,10,92
84,0.0,HSNERPFACHMCDKAFKHKSHLKDHERRHRGEKPFVCGSCTKAFAKASDLKRHENNMHSERKQVTPSAIQSETEQLQAAAMAAEAEQQLETI,10,92
85,0.0,LPREKTPPKCEIQGNSLKQNSQLLNQPKITADKRYKCSLCEKTFINTSSLRKHEKNHSGEKLFKCKECSKAFSQSSALIQHQITHTGEKPYI,11,92
86,0.0,ITADKRYKCSLCEKTFINTSSLRKHEKNHSGEKLFKCKECSKAFSQSSALIQHQITHTGEKPYICKECGKAFTLSTSLYKHLRTHTVEKSYR,11,92
87,0.0,HSGEKLFKCKECSKAFSQSSALIQHQITHTGEKPYICKECGKAFTLSTSLYKHLRTHTVEKSYRCKECGKSFSRRSGLFIHQKIHAEENPCK,11,92
88,0.0,HTGEKPYICKECGKAFTLSTSLYKHLRTHTVEKSYRCKECGKSFSRRSGLFIHQKIHAEENPCKYNPGRKASSCSTSLSGCQRIHSRKKSYL,11,92
94,0.0,HTGEKPCKCKVCGKAFRQSSALIQHQRMHTGERPYKCNECGKTFRCNSSLSNHQRIHTGEKPYRCEECGISFGQSSALIQHRRIHTGEKPFK,11,92
95,0.0,HTGERPYKCNECGKTFRCNSSLSNHQRIHTGEKPYRCEECGISFGQSSALIQHRRIHTGEKPFKCNTCGKTFRQSSSRIAHQRIHTGEKPYE,11,92
96,0.0,HTGEKPYRCEECGISFGQSSALIQHRRIHTGEKPFKCNTCGKTFRQSSSRIAHQRIHTGEKPYECNTCGKLFNHRSSLTNHYKIHIEEDP,11,90
97,0.0,HTGEKPFKCNTCGKTFRQSSSRIAHQRIHTGEKPYECNTCGKLFNHRSSLTNHYKIHIEEDP,11,62
106,0.0,HAGIKPYECKECGKGFNRGAHLIQHQKIHSNEKPFVCRECEMAFRYHCQLIEHSRIHTGDKPFECQDCGKAFNRGSSLVQHQSIHTGEKPYE,12,92
107,0.0,HSNEKPFVCRECEMAFRYHCQLIEHSRIHTGDKPFECQDCGKAFNRGSSLVQHQSIHTGEKPYECKECGKAFRLYLQLSQHQKTHTGEKPFE,12,92
108,0.0,HTGDKPFECQDCGKAFNRGSSLVQHQSIHTGEKPYECKECGKAFRLYLQLSQHQKTHTGEKPFECKECGKFFRRGSNLNQHRSIHTGKKPFE,12,92
109,0.0,HTGEKPYECKECGKAFRLYLQLSQHQKTHTGEKPFECKECGKFFRRGSNLNQHRSIHTGKKPFECKECGKAFRLHMHLIRHQKLHTGEKPFE,12,92
110,0.0,HTGEKPFECKECGKFFRRGSNLNQHRSIHTGKKPFECKECGKAFRLHMHLIRHQKLHTGEKPFECKECGKAFRLHMQLIRHQKLHTGEKPFE,12,92
111,0.0,HTGKKPFECKECGKAFRLHMHLIRHQKLHTGEKPFECKECGKAFRLHMQLIRHQKLHTGEKPFECKECGKVFSLPTQLNRHKNIHTGEKAS,12,91
112,0.0,HTGEKPFECKECGKAFRLHMQLIRHQKLHTGEKPFECKECGKVFSLPTQLNRHKNIHTGEKAS,12,63
113,0.0,RMGAVWQEPHRLLGGQEPSTWDELGEALHAGEKSFECRACSKVFVKSSDLLKHLRTHTGERPYECAQCGKAFSQTSHLTQHQRIHSGETPYA,13,92
120,0.0,HTGEKPFACPQCGRAFSHSSNLTQHQLLHTGERPFRCVDCGKAFAKGAVLLSHRRIHTGEKPFVCTQCGRAFRERPALFHHQRIHTGEKTVR,13,92
121,0.0,HTGERPFRCVDCGKAFAKGAVLLSHRRIHTGEKPFVCTQCGRAFRERPALFHHQRIHTGEKTVRRSRASLHPQARSVAGASSEGAPAKETEP,13,92
122,0.0,FLWEIPRESLTQEQRMFRENTNIIRKRPNSEEKCHKCEECGKGFVRKAHFIQHQRVHTGEKPFQCNECGKSFSRSSFVIEHQRIHTGERPYE,14,92
123,0.0,NSEEKCHKCEECGKGFVRKAHFIQHQRVHTGEKPFQCNECGKSFSRSSFVIEHQRIHTGERPYECNYCGKTFSVSSTLIRHQRIHTGERPYQ,14,92
124,0.0,HTGEKPFQCNECGKSFSRSSFVIEHQRIHTGERPYECNYCGKTFSVSSTLIRHQRIHTGERPYQCNQCKQSFSQRRSLVKHQRIHTGEKPHK,14,92
125,0.0,HTGERPYECNYCGKTFSVSSTLIRHQRIHTGERPYQCNQCKQSFSQRRSLVKHQRIHTGEKPHKCSDCGKAFSWKSHLIEHQRTHTGEKPYH,14,92
132,0.0,HTREKTYPYNETKESFDPNCSLVIQQEVYPKEKSYKCDECGKTFSVSAHLVQHQRIHTGEKPYLCTVCGKSFSRSSFLIEHQRIHTGERPYL,14,92
133,0.0,HTGEKPYLCTVCGKSFSRSSFLIEHQRIHTGERPYLCRQCGKSFSQLCNLIRHQGVHTGNKPHKCDECGKAFSRNSGLIQHQRIHTGEKPYK,14,92
134,0.0,HTGERPYLCRQCGKSFSQLCNLIRHQGVHTGNKPHKCDECGKAFSRNSGLIQHQRIHTGEKPYKCEKCDKSFSQQRSLVNHQKIHAEVKTQE,14,92
135,0.0,HTGNKPHKCDECGKAFSRNSGLIQHQRIHTGEKPYKCEKCDKSFSQQRSLVNHQKIHAEVKTQETHECDACGEAFNCRISLIQHQKLHTAWM,14,92
136,0.0,EKPYKCEKCDKSFSQQRSLVNHQKIHAEVKTQETHECDACGEAFNCRISLIQHQKLHTAWMQ,14,62
137,0.0,QTGETPYMYTEWGDSFGSMSVLIKNPRTHSGGKPYVCRECGRGFTWKSNLITHQRTHSGEKPYVCKDCGRGFTWKSNLFTHQRTHSGLKPYV,15,92
138,0.0,HSGGKPYVCRECGRGFTWKSNLITHQRTHSGEKPYVCKDCGRGFTWKSNLFTHQRTHSGLKPYVCKECGQSFSLKSNLITHQRAHTGEKPYV,15,92
146,0.0,HSGEKPFVCAECGRGFNDKSTLISHQRTHSGEKPFMCRECGRRFRQKPNLFRHKRAHSGAFVCRECGQGFCAKLTLIKHQRAHAGGKPHVCR,15,92
147,0.0,RTHSGEKPFMCRECGRRFRQKPNLFRHKRAHSGAFVCRECGQGFCAKLTLIKHQRAHAGGKPHVCRECGQGFSRQSHLIRHQRTHSGEKPYI,15,92
148,0.0,RAHSGAFVCRECGQGFCAKLTLIKHQRAHAGGKPHVCRECGQGFSRQSHLIRHQRTHSGEKPYICRKCGRGFSRKSNLIRHQRTHSG,15,87
149,0.0,HAGGKPHVCRECGQGFSRQSHLIRHQRTHSGEKPYICRKCGRGFSRKSNLIRHQRTHSG,15,59
156,0.0,HTGEKPYKCDACGRAFSDCSALIRHLRIHSGEKPYQCKVCPKAFAQSSSLIEHQRIHTGEKPYKCSDCGKAFSRSSALMVHLRIHITVLQ,16,90
157,0.0,HSGEKPYQCKVCPKAFAQSSSLIEHQRIHTGEKPYKCSDCGKAFSRSSALMVHLRIHITVLQ,16,62
171,0.0,HNGEKPYTCNECGKAFRQRSSLTVHQRTHTGEKPYECEKCGAAFISNSHLMRHHRTHLVE,18,60
175,0.0,HTGEKPYECNECGKAFRVSSDLAQHHKIHTGEKPHECLECRKAFTQLSHLIQHQRIHTGERPYVCPLCGKAFNHSTVLRSHQRVHTGEKPHR,19,92
176,0.0,HTGEKPHECLECRKAFTQLSHLIQHQRIHTGERPYVCPLCGKAFNHSTVLRSHQRVHTGEKPHRCNECGKTFSVKRTLLQHQRIHTGEKPYT,19,92
177,0.0,HTGERPYVCPLCGKAFNHSTVLRSHQRVHTGEKPHRCNECGKTFSVKRTLLQHQRIHTGEKPYTCSECGKAFSDRSVLIQHHNVHTGEKPYE,19,92
178,0.0,HTGEKPHRCNECGKTFSVKRTLLQHQRIHTGEKPYTCSECGKAFSDRSVLIQHHNVHTGEKPYECSECGKTFSHRSTLMNHERIHTEEKPYA,19,92
179,0.0,HTGEKPYTCSECGKAFSDRSVLIQHHNVHTGEKPYECSECGKTFSHRSTLMNHERIHTEEKPYACYECGKAFVQHSHLIQHQRVHTGEKPYV,19,92
180,0.0,HTGEKPYECSECGKTFSHRSTLMNHERIHTEEKPYACYECGKAFVQHSHLIQHQRVHTGEKPYVCGECGHAFSARRSLIQHERIHTGEKPFQ,19,92
181,0.0,HTEEKPYACYECGKAFVQHSHLIQHQRVHTGEKPYVCGECGHAFSARRSLIQHERIHTGEKPFQCTECGKAFSLKATLIVHLRTHTGEKPYE,19,92
182,0.0,HTGEKPYVCGECGHAFSARRSLIQHERIHTGEKPFQCTECGKAFSLKATLIVHLRTHTGEKPYECNSCGKAFSQYSVLIQHQRIHTGEKPYE,19,92
183,0.0,HTGEKPFQCTECGKAFSLKATLIVHLRTHTGEKPYECNSCGKAFSQYSVLIQHQRIHTGEKPYECGECGRAFNQHGHLIQHQKVHRKL,19,88
184,0.0,HTGEKPYECNSCGKAFSQYSVLIQHQRIHTGEKPYECGECGRAFNQHGHLIQHQKVHRKL,19,60
185,0.0,HMEEKPYKWNGSEIAFLQMSDLTVHQTSHMEMKPYECSECGKSFCKKSKFIIHQRTHTGEKPYECNQCGKSFCQKGTLTVHQRTHTGEKPYE,20,92
186,0.0,HMEMKPYECSECGKSFCKKSKFIIHQRTHTGEKPYECNQCGKSFCQKGTLTVHQRTHTGEKPYECNECGKNFYQKLHLIQHQRTHSGEKPYE,20,92
192,0.0,HTGEKPYECNECGKFFSRLSYLTVHYRTHSGEKPYECNECGKTFYLNSALMRHQRVHTGEKPYECNECGKLFSQLSYLTIHHRTHSGVKPYE,20,92
193,0.0,HSGEKPYECNECGKTFYLNSALMRHQRVHTGEKPYECNECGKLFSQLSYLTIHHRTHSGVKPYECSECGKTFYQNSALCRHRRIHKGEKPYE,20,92
194,0.0,HTGEKPYECNECGKLFSQLSYLTIHHRTHSGVKPYECSECGKTFYQNSALCRHRRIHKGEKPYECYICGKFFSQMSYLTIHHRIHSGEKPYE,20,92
195,0.0,HSGVKPYECSECGKTFYQNSALCRHRRIHKGEKPYECYICGKFFSQMSYLTIHHRIHSGEKPYECSECGKTFCQNSALNRHQRTHTGEKAYE,20,92
196,0.0,HKGEKPYECYICGKFFSQMSYLTIHHRIHSGEKPYECSECGKTFCQNSALNRHQRTHTGEKAYECYECGKCFSQMSYLTIHHRIHSGEKPFE,20,92
197,0.0,HSGEKPYECSECGKTFCQNSALNRHQRTHTGEKAYECYECGKCFSQMSYLTIHHRIHSGEKPFECNECGKAFSRMSYLTVHYRTHSGEKPYE,20,92
198,0.0,HTGEKAYECYECGKCFSQMSYLTIHHRIHSGEKPFECNECGKAFSRMSYLTVHYRTHSGEKPYECTECGKKFYHKSAFNSHQRIHRRGNMNV,20,92
199,0.0,HSGEKPFECNECGKAFSRMSYLTVHYRTHSGEKPYECTECGKKFYHKSAFNSHQRIHRRGNMNVIDVGRLL,20,71
200,0.0,TTQSKIVQCDKYVKVFHKYSNAKRHKIRHTGKNPFKCKECGKSFCMLSQLTQHEIIHTGEKPYKCEECGKAFKKSSNLTNHKIIHTGEKPYK,21,92
204,0.0,HTGEKLYKCEECGKAFNRSSNLTKHKIVHTGEKPYKCEECGKAFKQSSNLTNHKKIHTGEKPYKCGECGKAFTLSSHLTTHKRIHTGEKPYK,21,92
205,0.0,HTGEKPYKCEECGKAFKQSSNLTNHKKIHTGEKPYKCGECGKAFTLSSHLTTHKRIHTGEKPYKCEECGKAFSVFSTLTKHKIIHTEEKPYK,21,92
206,0.0,HTGEKPYKCGECGKAFTLSSHLTTHKRIHTGEKPYKCEECGKAFSVFSTLTKHKIIHTEEKPYKCEECGKAFNRSSHLTNHKVIHTGEKPYK,21,92
207,0.0,HTGEKPYKCEECGKAFSVFSTLTKHKIIHTEEKPYKCEECGKAFNRSSHLTNHKVIHTGEKPYKCEECGKAFTKSSTLTYHKVIHTGKKPYK,21,92
208,0.0,HTEEKPYKCEECGKAFNRSSHLTNHKVIHTGEKPYKCEECGKAFTKSSTLTYHKVIHTGKKPYKCEECGKAFSIFSILTKHKVIHTEDKPYK,21,92
209,0.0,HTGEKPYKCEECGKAFTKSSTLTYHKVIHTGKKPYKCEECGKAFSIFSILTKHKVIHTEDKPYKCEECGKTFNYSSNFTNHKKIHTGEKPYK,21,92
210,0.0,HTGKKPYKCEECGKAFSIFSILTKHKVIHTEDKPYKCEECGKTFNYSSNFTNHKKIHTGEKPYKCEECGKSFILSSHLTTHKIIHTGEKPYK,21,92
211,0.0,HTEDKPYKCEECGKTFNYSSNFTNHKKIHTGEKPYKCEECGKSFILSSHLTTHKIIHTGEKPYKCKECGKAFNQSSTLMKHKIIHTGEKPYK,21,92
212,0.0,HTGEKPYKCEECGKSFILSSHLTTHKIIHTGEKPYKCKECGKAFNQSSTLMKHKIIHTGEKPYKCEECGKAFNQSPNLTKHKRIHTKEKPYK,21,92
213,0.0,HTGEKPYKCKECGKAFNQSSTLMKHKIIHTGEKPYKCEECGKAFNQSPNLTKHKRIHTKEKPYKCK,21,66
214,0.0,HTGEASFMCDDCGKTFSQNSVLKNRHRSHMSEKAYQCSECGKAFRGHSDFSRHQSHHSSERPYMCNECGKAFSQNSSLKKHQKSHMSEKPYE,22,92
215,0.0,HMSEKAYQCSECGKAFRGHSDFSRHQSHHSSERPYMCNECGKAFSQNSSLKKHQKSHMSEKPYECNECGKAFRRSSNLIQHQRIHSGEKPYV,22,92
216,0.0,HSSERPYMCNECGKAFSQNSSLKKHQKSHMSEKPYECNECGKAFRRSSNLIQHQRIHSGEKPYVCSECGKAFRRSSNLIKHHRTHTGEKPFE,22,92
217,0.0,HMSEKPYECNECGKAFRRSSNLIQHQRIHSGEKPYVCSECGKAFRRSSNLIKHHRTHTGEKPFECGECGKAFSQSAHLRKHQRVHTGEKPYE,22,92
218,0.0,HSGEKPYVCSECGKAFRRSSNLIKHHRTHTGEKPFECGECGKAFSQSAHLRKHQRVHTGEKPYECNDCGKPFSRVSNLIKHHRVHTGEKPYK,22,92
219,0.0,HTGEKPFECGECGKAFSQSAHLRKHQRVHTGEKPYECNDCGKPFSRVSNLIKHHRVHTGEKPYKCSDCGKAFSQSSSLIQHRRIHTGEKPHV,22,92
226,0.0,HNGLKPHECNQCGKAFNRSSNLIHHQKVHTGEKPYTCVECGKGFSQSSHLIQHQIIHTGERPYKCSECGKAFSQRSVLIQHQRIHTGVKPYD,22,92
227,0.0,HTGEKPYTCVECGKGFSQSSHLIQHQIIHTGERPYKCSECGKAFSQRSVLIQHQRIHTGVKPYDCAACGKAFSQRSKLIKHQLIHTRE,22,88
228,0.0,HTGERPYKCSECGKAFSQRSVLIQHQRIHTGVKPYDCAACGKAFSQRSKLIKHQLIHTRE,22,60
229,0.0,WHGAKDEEAPSKQCVSVGVSQVTTLKPALSTQKAQPCETCSSLLKDILHLAEHDGTHPKRTAKLYLHQKEHLREKLTRSDEGRPSFVNDSVH,23,92
230,0.0,FTGDSDLQQQALHSGWKPHRDTHGVEAFQSGQNNYSCTQCGKDFCHQHTLFEHQKIHTEERPYECSECGKLFRYNSDLIKHQRNHTGERPYK,23,92
231,0.0,QSGQNNYSCTQCGKDFCHQHTLFEHQKIHTEERPYECSECGKLFRYNSDLIKHQRNHTGERPYKCSECGKAFSLKYNVVQHQKIHTGERPYE,23,92
232,0.0,HTEERPYECSECGKLFRYNSDLIKHQRNHTGERPYKCSECGKAFSLKYNVVQHQKIHTGERPYECSECGKAFLRKSHLLQHQRIHTRPRPYV,23,92
233,0.0,HTGERPYKCSECGKAFSLKYNVVQHQKIHTGERPYECSECGKAFLRKSHLLQHQRIHTRPRPYVCSECGKAFLTQAHLVGHQKIHTGERPYG,23,92
234,0.0,HTGERPYECSECGKAFLRKSHLLQHQRIHTRPRPYVCSECGKAFLTQAHLVGHQKIHTGERPYGCNECGKYFMYSSALIRHQKVHTGERPFY,23,92
246,0.0,HTGEKPYECSECGKVFRYNSSLIKHRRIHTGERPYQCSECGRVFNQNSHLIQHQKVHTR,23,59
247,0.0,TDFPETRNVEKHQDIPTVKNIQGKVPRIPCARKPFICEECGKSFSYFSYYARHQRIHTGEKPFECSECGKAFNGNSSLIRHQRIHTGERPYQ,24,92
254,0.0,HTGEKPYSCKVCGQAFNFHTKLTRHQRIHSEEKPFDCVDCGKAFSAQEQLKRHLRIHTQESSYVCDECGKALTSKRNLHQHQRIHTGEKPYE,24,92
255,0.0,HSEEKPFDCVDCGKAFSAQEQLKRHLRIHTQESSYVCDECGKALTSKRNLHQHQRIHTGEKPYECSKYEKAFGTSSQLGHLEHVYSGEKPVL,24,92
259,0.0,HTGEKPYECNECGKAFTQKSNLIVHQKTHTGEKTYECTKCGESFIQKLDLIIHHSTHTGKKPHECNECKKTFSDKSTLIIHQRTHTGEKPHK,25,92
260,0.0,HTGEKTYECTKCGESFIQKLDLIIHHSTHTGKKPHECNECKKTFSDKSTLIIHQRTHTGEKPHKCTECGKSFNEKSTLIVHQRTHTGEKPYE,25,92
261,0.0,HTGKKPHECNECKKTFSDKSTLIIHQRTHTGEKPHKCTECGKSFNEKSTLIVHQRTHTGEKPYECDVCGKTFTQKSNLGVHQRTHSGEKPFE,25,92
262,0.0,HTGEKPHKCTECGKSFNEKSTLIVHQRTHTGEKPYECDVCGKTFTQKSNLGVHQRTHSGEKPFECNECEKAFSQKSYLMLHQRGHTGEKPYE,25,92
263,0.0,HTGEKPYECDVCGKTFTQKSNLGVHQRTHSGEKPFECNECEKAFSQKSYLMLHQRGHTGEKPYECNECEKAFSQKSYLIIHQRTHTEEKPYK,25,92
264,0.0,HSGEKPFECNECEKAFSQKSYLMLHQRGHTGEKPYECNECEKAFSQKSYLIIHQRTHTEEKPYKCNECGKAFREKSKLIIHQRIHTGEKPYE,25,92
265,0.0,HTGEKPYECNECEKAFSQKSYLIIHQRTHTEEKPYKCNECGKAFREKSKLIIHQRIHTGEKPYECPVCWKAFSQKSQLIIHQRTHTGEKPYA,25,92
266,0.0,HTEEKPYKCNECGKAFREKSKLIIHQRIHTGEKPYECPVCWKAFSQKSQLIIHQRTHTGEKPYACTECGKAFREKSTFTVHQRTHTGEKPYK,25,92
267,0.0,HTGEKPYECPVCWKAFSQKSQLIIHQRTHTGEKPYACTECGKAFREKSTFTVHQRTHTGEKPYKCTECGKAFTQKSNLIVHQRTHAGKKAHG,25,92
272,0.0,HTGEKPYKCDECGESFKQSSNLIQHQRIHTGEKPYQCDECGRCFSQSSHLIQHQRTHTGEKPYQCSECGKCFSQSSHLRQHMKVHKEEKPRK,26,92
273,0.0,HTGEKPYQCDECGRCFSQSSHLIQHQRTHTGEKPYQCSECGKCFSQSSHLRQHMKVHKEEKPRKTRGKNIRVKTHLPSWKAGTGRKSVAGLR,26,92
274,0.0,HSINNIIEYNECGTFFSEKLVLHLQQRTHTGEKPYECHECGKTFTQKSAHTRHQRTHTGGKPYECHECGKTFYKNSDLIKHQRIHTGERPYG,27,92
278,0.0,HTGEKPYECHECGKTFSFKSVLTVHQKTHTGEKPYECYACGKAFLRKSDLIKHQRIHTGEKPYECNECGKSFSEKSTLTKHLRTHTGEKPYE,27,92
279,0.0,HTGEKPYECYACGKAFLRKSDLIKHQRIHTGEKPYECNECGKSFSEKSTLTKHLRTHTGEKPYECIQCGKFFCYYSGFTEHLRRHTGEKPFG,27,92
280,0.0,HTGEKPYECNECGKSFSEKSTLTKHLRTHTGEKPYECIQCGKFFCYYSGFTEHLRRHTGEKPFGCNECGKTFRQKSALIVHQRTHIRQKPYG,27,92
281,0.0,HTGEKPYECIQCGKFFCYYSGFTEHLRRHTGEKPFGCNECGKTFRQKSALIVHQRTHIRQKPYGCNQCGKSFCVKSKLIAHHRTHTGEKPYE,27,92
282,0.0,HTGEKPFGCNECGKTFRQKSALIVHQRTHIRQKPYGCNQCGKSFCVKSKLIAHHRTHTGEKPYECNVCGKSFYVKSKLTVHQRIHLGRNPIN,27,92
283,0.0,HIRQKPYGCNQCGKSFCVKSKLIAHHRTHTGEKPYECNVCGKSFYVKSKLTVHQRIHLGRNPINVVNEGNYSG,27,73
284,0.0,HLEEKQCKCDVYGKVFNQKRYLACHRRSHIDEKPYKCNECGKIFGHNTSLFLHKALHTADKPYECEECDKVFSRKSHLETHKIIYTGGKPYK,28,92
290,0.0,HTGEKPYKCNECGKVFNQQSTLARHHRLHTAEKPYKCEECDKVFRCKSHLERHRRIHTGEKPYKCKVCDKAFRSDSCLTEHQRVHTGEKPYM,28,92
291,0.0,HTAEKPYKCEECDKVFRCKSHLERHRRIHTGEKPYKCKVCDKAFRSDSCLTEHQRVHTGEKPYMCNECGKVFSTKANLACHHKLHTAEKPYK,28,92
292,0.0,HTGEKPYKCKVCDKAFRSDSCLTEHQRVHTGEKPYMCNECGKVFSTKANLACHHKLHTAEKPYKCEECEKVFSRKSHMERHRRIHTGEKPYK,28,92
293,0.0,HTGEKPYMCNECGKVFSTKANLACHHKLHTAEKPYKCEECEKVFSRKSHMERHRRIHTGEKPYKCKVCDKAFRRDSHLAQHQRVHTGEKPYK,28,92
294,0.0,HTGEKPYKCKVCDKAFRRDSHLAQHQRVHTGEKPYKCNECGKTFRQTSSLIIHRRLHTGEKPYKCNECGKTFSQMSSLVYHHRLHSGEKPYK,28,92
295,0.0,HTGEKPYKCNECGKTFRQTSSLIIHRRLHTGEKPYKCNECGKTFSQMSSLVYHHRLHSGEKPYKCNECGKVFNQQAHLAQHQRVHTGEKPYK,28,92
296,0.0,HTGEKPYKCNECGKTFSQMSSLVYHHRLHSGEKPYKCNECGKVFNQQAHLAQHQRVHTGEKPYKCNECGKTFSQMSNLVYHHRLHSGEKP,28,90
297,0.0,HSGEKPYKCNECGKVFNQQAHLAQHQRVHTGEKPYKCNECGKTFSQMSNLVYHHRLHSGEKP,28,62
304,0.0,FEQTPALTKHEWTEALGCDPPLSQDERTHRSDRPFKCNQCGKCFIQSSHLIRHQITHTREEQPHGRSRRREQSSSRNSHLVQHQHPNSRKSS,29,92
307,0.0,HTGEKPYECKECGKSFSRSSHLIGHQKTHTGEEPYECKECGKSFSWFSHLVTHQRTHTGDKLYTCNQCGKSFVHSSRLIRHQRTHTGEKPYE,30,92
308,0.0,HTGEEPYECKECGKSFSWFSHLVTHQRTHTGDKLYTCNQCGKSFVHSSRLIRHQRTHTGEKPYECPECGKSFRQSTHLILHQRTHVRVRPYE,30,92
309,0.0,HTGDKLYTCNQCGKSFVHSSRLIRHQRTHTGEKPYECPECGKSFRQSTHLILHQRTHVRVRPYECNECGKSYSQRSHLVVHHRIHTGLKPFE,30,92
310,0.0,HTGEKPYECPECGKSFRQSTHLILHQRTHVRVRPYECNECGKSYSQRSHLVVHHRIHTGLKPFECKDCGKCFSRSSHLYSHQRTHTGEKPYE,30,92
311,0.0,HVRVRPYECNECGKSYSQRSHLVVHHRIHTGLKPFECKDCGKCFSRSSHLYSHQRTHTGEKPYECHDCGKSFSQSSALIVHQRIHTGEKPYE,30,92
312,0.0,HTGLKPFECKDCGKCFSRSSHLYSHQRTHTGEKPYECHDCGKSFSQSSALIVHQRIHTGEKPYECCQCGKAFIRKNDLIKHQRIHVGEETYK,30,92
313,0.0,HTGEKPYECHDCGKSFSQSSALIVHQRIHTGEKPYECCQCGKAFIRKNDLIKHQRIHVGEETYKCNQCGIIFSQNSPFIVHQIAHTGEQFLT,30,92
314,0.0,HTGEKPYECCQCGKAFIRKNDLIKHQRIHVGEETYKCNQCGIIFSQNSPFIVHQIAHTGEQFLTCNQCGTALVNTSNLIGYQTNHIRENAY,30,91
319,0.0,TTQSKVFQCDKYGKVFHKFSNSNRHNIRHTEKKPFKCIECGKAFNQFSTLITHKKIHTGEKPYICEECGKAFKYSSALNTHKRIHTGEKPYK,32,92
320,0.0,HTEKKPFKCIECGKAFNQFSTLITHKKIHTGEKPYICEECGKAFKYSSALNTHKRIHTGEKPYKCDKCDKAFIASSTLSKHEIIHTGKKPYK,32,92
321,0.0,HTGEKPYICEECGKAFKYSSALNTHKRIHTGEKPYKCDKCDKAFIASSTLSKHEIIHTGKKPYKCEECGKAFNQSSTLTKHKKIHTGEKPYK,32,92
322,0.0,HTGEKPYKCDKCDKAFIASSTLSKHEIIHTGKKPYKCEECGKAFNQSSTLTKHKKIHTGEKPYKCEECGKAFNQSSTLTKHKKIHTGEKPYV,32,92
323,0.0,HTGKKPYKCEECGKAFNQSSTLTKHKKIHTGEKPYKCEECGKAFNQSSTLTKHKKIHTGEKPYVCEECGKAFKYSRILTTHKRIHTGEKPYK,32,92
333,0.0,HTREKPYKCEECGKAFHLSTHLTTHKILHTGEKPYRCRECGKAFNHSATLSSHKKIHSGEKPYECDKCGKAFISPSSLSRHEIIHTGEKP,32,90
334,0.0,HTGEKPYRCRECGKAFNHSATLSSHKKIHSGEKPYECDKCGKAFISPSSLSRHEIIHTGEKP,32,62
342,0.0,QQEGLLSEVNAEKVVGNMKPPKPTKIKKKGVKKTFQCELCSYTCPRRSNLDRHMKSHTDERPHKCHLCGRAFRTVTLLRNHLNTHTGTRPHK,34,92
343,0.0,KGVKKTFQCELCSYTCPRRSNLDRHMKSHTDERPHKCHLCGRAFRTVTLLRNHLNTHTGTRPHKCPDCDMAFVTSGELVRHRRYKHTHEKPF,34,92
349,0.0,NVAKFHCPHCDTVIARKSDLGVHLRKQHSYIEQGKKCRYCDAVFHERYALIQHQKSHKNEKRFKCDQCDYACRQERHMIMHKRTHTGEKPYA,34,92
350,0.0,SYIEQGKKCRYCDAVFHERYALIQHQKSHKNEKRFKCDQCDYACRQERHMIMHKRTHTGEKPYACSHCDKTFRQKQLLDMHFKRYHDPNFVP,34,92
351,0.0,HKNEKRFKCDQCDYACRQERHMIMHKRTHTGEKPYACSHCDKTFRQKQLLDMHFKRYHDPNFVPAAFVCSKCGKTFTRRNTMARHADNCAGP,34,92
352,0.0,TDTWLKYYDCDKYKESYKKSQIIIYHRNRLGEKLYECSECRKRFSKKPSLIKHQSRHIRDIAFGCGNCGKTFPQKSQFITHHRTHTGEKPYN,35,92
358,0.0,HTGTKPFGCSDCRKAFFEKSELIRHQTIHTGEKPYECSECRKAFRERSSLINHQRTHTGEKPHGCIQCGKAFSQKSHLISHQMTHTGEKPFI,35,92
359,0.0,HTGEKPYECSECRKAFRERSSLINHQRTHTGEKPHGCIQCGKAFSQKSHLISHQMTHTGEKPFICSKCGKAFSRKSQLVRHQRTHTGEKPYE,35,92
360,0.0,HTGEKPHGCIQCGKAFSQKSHLISHQMTHTGEKPFICSKCGKAFSRKSQLVRHQRTHTGEKPYECSECGKAFSEKLSLTNHQRIHTGEKPYV,35,92
361,0.0,HTGEKPFICSKCGKAFSRKSQLVRHQRTHTGEKPYECSECGKAFSEKLSLTNHQRIHTGEKPYVCSECGKAFCQKSHLISHQRTHTGEKPYE,35,92
362,0.0,HTGEKPYECSECGKAFSEKLSLTNHQRIHTGEKPYVCSECGKAFCQKSHLISHQRTHTGEKPYECSECGKAFGEKSSLATHQRTHTGEKPYE,35,92
363,0.0,HTGEKPYVCSECGKAFCQKSHLISHQRTHTGEKPYECSECGKAFGEKSSLATHQRTHTGEKPYECRDCEKAFSQKSQLNTHQRIHTGEKPYE,35,92
364,0.0,HTGEKPYECSECGKAFGEKSSLATHQRTHTGEKPYECRDCEKAFSQKSQLNTHQRIHTGEKPYECSLCRKAFFEKSELIRHLRTHTGEKPYE,35,92
366,0.0,HTGEKPYECSLCRKAFFEKSELIRHLRTHTGEKPYECNECRKAFREKSSLINHQRIHTGEKPFECSECGKAFSRKSHLIPHQRTHTGEKPYG,35,92
367,0.0,HTGEKPYECNECRKAFREKSSLINHQRIHTGEKPFECSECGKAFSRKSHLIPHQRTHTGEKPYGCSECRKAFSQKSQLVNHQRIHTGEKPYR,35,92
368,0.0,HTGEKPFECSECGKAFSRKSHLIPHQRTHTGEKPYGCSECRKAFSQKSQLVNHQRIHTGEKPYRCIECGKAFSQKSQLINHQRTHTVKKS,35,90
369,0.0,HTGEKPYGCSECRKAFSQKSQLVNHQRIHTGEKPYRCIECGKAFSQKSQLINHQRTHTVKKS,35,62
379,0.0,HTGEKPYECNECGNAFYVKARLIEHQRMHSGEKPYECSECGKIFSMKKSLCQHRRTHTGEKPYECSECGNAFYVKVRLIEHQRIHTGERPFE,36,92
380,0.0,HSGEKPYECSECGKIFSMKKSLCQHRRTHTGEKPYECSECGNAFYVKVRLIEHQRIHTGERPFECQECGKAFCRKAHLTEHQRTHIGWSWRC,36,92
381,0.0,HTGEKPYECSECGNAFYVKVRLIEHQRIHTGERPFECQECGKAFCRKAHLTEHQRTHIGWSWRCTMKKASH,36,71
382,0.0,KTGANSCEHDHYEKHLSHKQAPTHHQKIHPEEKLYVCTECVMGFTQKSHLFEHQRIHAGEKSRECDKSNKVFPQKPQVDVHPSVYTGEKPYL,37,92
383,0.0,HAGEKSRECDKSNKVFPQKPQVDVHPSVYTGEKPYLCTQCGKVFTLKSNLITHQKIHTGQKPYKCSECGKAFFQRSDLFRHLRIHTGEKPYE,37,92
384,0.0,YTGEKPYLCTQCGKVFTLKSNLITHQKIHTGQKPYKCSECGKAFFQRSDLFRHLRIHTGEKPYECSECGKGFSQNSDLSIHQKTHTGEKHYE,37,92
396,0.0,HTGEKPNICAECGKAFTDRSNLITHQKIHTREKPYECGDCGKTFTWKSRLNIHQKSHTGERHYECSKCGKAFIQKATLSMHQIIHTGKKPYA,37,92
397,0.0,HTREKPYECGDCGKTFTWKSRLNIHQKSHTGERHYECSKCGKAFIQKATLSMHQIIHTGKKPYACTECQKAFTDRSNLIKHQKMHSGEKRYK,37,92
398,0.0,HTGERHYECSKCGKAFIQKATLSMHQIIHTGKKPYACTECQKAFTDRSNLIKHQKMHSGEKRYKASD,37,67
399,0.0,RAFPRKKRKKPATCKQELPKLMDLHGKGPTGEKPFKCQECGKSFRVSSDLIKHHRIHTGEKPYKCQQCDRRFRWSSDLNKHFMTHQGIKPYR,38,92
414,0.0,HSGEKPIVCKDCGRGFSQQSNLIRHQRTHSGEKPMVCGECGRGFSQKSNLVAHQRTHSGERPYVCRECGRGFSHQAGLIRHKRKHSREKPYM,39,92
415,0.0,HSGEKPMVCGECGRGFSQKSNLVAHQRTHSGERPYVCRECGRGFSHQAGLIRHKRKHSREKPYMCRQCGLGFGNKSALITHKRAHSEEKPCV,39,92
416,0.0,HSGERPYVCRECGRGFSHQAGLIRHKRKHSREKPYMCRQCGLGFGNKSALITHKRAHSEEKPCVCRECGQGFLQKSHLTLHQMTHTGEKPYV,39,92
417,0.0,HSREKPYMCRQCGLGFGNKSALITHKRAHSEEKPCVCRECGQGFLQKSHLTLHQMTHTGEKPYVCKTCGRGFSLKSHLSRHRKTTSVHHRLP,39,92
418,0.0,HSREKPYMCRQCGLGFGNKSALITHKRAHSEEKPCVCRECGQGFLQKSHLTLHQMTHTGEKPYVCKTCGRGFSLKSHLSRHRKTTSVHHRLP,39,92
419,0.0,TEMLQENQGCIRKVTVSHQEALAQHMNISTVERPYGCHECGKTFGRRFSLVLHQRTHTGEKPYACKECGKTFSQISNLVKHQMIHTGKKPHE,40,92
420,0.0,STVERPYGCHECGKTFGRRFSLVLHQRTHTGEKPYACKECGKTFSQISNLVKHQMIHTGKKPHECKDCNKTFSYLSFLIEHQRTHTGEKPYE,40,92
429,0.0,PSTKKANSCDMCGPFLKDILHLAEHQGTQSEEKPYTCGACGRDFWLNANLHQHQKEHSGGKPFRWYKDRDALMKSSKVHLSENPFTCREGGK,41,92
430,0.0,LGSCDLLQLQAVDSGQKPYSNLGQLPEVCTTQKLFECSNCGKAFLKSSTLPNHLRTHSEEIPFTCPTGGNFLEEKSILGNKKFHTGEIPHVC,41,92
431,0.0,THSEEIPFTCPTGGNFLEEKSILGNKKFHTGEIPHVCKECGKAFSHSSKLRKHQKFHTEVKYYECIACGKTFNHKLTFVHHQRIHSGERPYE,41,92
432,0.0,HTGEIPHVCKECGKAFSHSSKLRKHQKFHTEVKYYECIACGKTFNHKLTFVHHQRIHSGERPYECDECGKAFSNRSHLIRHEKVHTGERPFE,41,92
438,0.0,HTGERPFECSECGRDFSQSSHLLRHQKVHTGERPFECCDCGKAFSNSSTLIQHQKVHTGQRPYECSECRKSFSRSSSLIQHWRIHTGEKPYE,41,92
439,0.0,HTGERPFECCDCGKAFSNSSTLIQHQKVHTGQRPYECSECRKSFSRSSSLIQHWRIHTGEKPYECSECGKAFAHSSTLIEHWRVHTKERPYE,41,92
440,0.0,HTGQRPYECSECRKSFSRSSSLIQHWRIHTGEKPYECSECGKAFAHSSTLIEHWRVHTKERPYECNECGKFFSQNSILIKHQKVHTGEKPYK,41,92
441,0.0,HTGEKPYECSECGKAFAHSSTLIEHWRVHTKERPYECNECGKFFSQNSILIKHQKVHTGEKPYKCSECGKFFSRKSSLICHWRVHTGERPYE,41,92
442,0.0,HTKERPYECNECGKFFSQNSILIKHQKVHTGEKPYKCSECGKFFSRKSSLICHWRVHTGERPYECSECGRAFSSNSHLVRHQRVHTQERPYE,41,92
443,0.0,HTGEKPYKCSECGKFFSRKSSLICHWRVHTGERPYECSECGRAFSSNSHLVRHQRVHTQERPYECIQCGKAFSERSTLVRHQKVHTRERTYE,41,92
444,0.0,HTGERPYECSECGRAFSSNSHLVRHQRVHTQERPYECIQCGKAFSERSTLVRHQKVHTRERTYECSQCGKLFSHLCNLAQHKKIHT,41,86
445,0.0,HTQERPYECIQCGKAFSERSTLVRHQKVHTRERTYECSQCGKLFSHLCNLAQHKKIHT,41,58
446,0.0,WHEVKDEESSSEQSISIAVSHVNTSKAGLPAQTALPCDICGPILKDILHLDEHQGTHHGLKLHTCGACGRQFWFSANLHQYQKCYSIEQPLR,42,92
452,0.0,HNGARPYKCSDCGKVFRHKSTLVQHESIHTGENPYDCSDCGKSFGHKYTLIKHQRIHTESKPFECIECGKFFSRSSDYIAHQRVHTGERPFV,42,92
453,0.0,HTGENPYDCSDCGKSFGHKYTLIKHQRIHTESKPFECIECGKFFSRSSDYIAHQRVHTGERPFVCSKCGKDFIRTSHLVRHQRVHTGERPYE,42,92
454,0.0,HTESKPFECIECGKFFSRSSDYIAHQRVHTGERPFVCSKCGKDFIRTSHLVRHQRVHTGERPYECSECGKAYSLSSHLNRHQKVHTAGRL,42,90
455,0.0,HTGERPFVCSKCGKDFIRTSHLVRHQRVHTGERPYECSECGKAYSLSSHLNRHQKVHTAGRL,42,62
456,0.0,MTPERQSPHTWGTRGKREKPDLNVLQKTCVKEKPYKCQECGKAFSHSSALIEHHRTHTGERPYECHECLKGFRNSSALTKHQRIHTGEKPYK,43,92
457,0.0,CVKEKPYKCQECGKAFSHSSALIEHHRTHTGERPYECHECLKGFRNSSALTKHQRIHTGEKPYKCTQCGRTFNQIAPLIQHQRTHTGEKPYE,43,92
466,0.0,HTGEKPYECNDCGKAFSHSSSLTKHQRIHTGEKPYECNQCGRAFSQLAPLIQHQRIHTGEKPYECNQCGRAFSQSSLLIEHQRIHTKEKPYG,43,92
467,0.0,HTGEKPYECNQCGRAFSQLAPLIQHQRIHTGEKPYECNQCGRAFSQSSLLIEHQRIHTKEKPYGCNECGKSFSHSSSLSQHERTHTGEKPYE,43,92
468,0.0,HTGEKPYECNQCGRAFSQSSLLIEHQRIHTKEKPYGCNECGKSFSHSSSLSQHERTHTGEKPYECHDCGKSFRQSTHLTQHRRIHTGEKPYA,43,92
469,0.0,HTKEKPYGCNECGKSFSHSSSLSQHERTHTGEKPYECHDCGKSFRQSTHLTQHRRIHTGEKPYACRDCGKAFTHSSSLTKHQRTHTG,43,87
470,0.0,HTGEKPYECHDCGKSFRQSTHLTQHRRIHTGEKPYACRDCGKAFTHSSSLTKHQRTHTG,43,59
471,0.0,IAAAAATAVVAPTSTVAVAPVASALEKKTKSKGPYICALCAKEFKNGYNLRRHEAIHTGAKAGRVPSGAMKMPTMVPLSLLSVPQLSGAGGG,44,92
475,0.0,AVHKPYNCSHCGKSFSRPDHLNSHVRQVHSTERPFKCEKCEAAFATKDRLRAHTVRHEEKVPCHVCGKMLSSAYISDHMKVHSQGPHHVCEL,44,92
476,0.0,HNGETLYEQKQCGRAFTYSTSHAVSVKMHTVEKPYECKECGKFFRYSSYLNSHMRTHTGEKPYECKECGKCFTVSSHLVEHVRIHTGEKPYQ,45,92
485,0.0,LLVTIENDTPLEELSKYVDISIIALTRNRRTRRWYTCPLCGKQFNESSYLISHQRTHTGEKPYDCNHCGKSFNHKTNLNKHERIHTGEKPYS,46,92
493,0.0,ATQSKIFQCDKYVKVAHKFSNSNRHEIRHTKKKPFKCTKCGKSFGMISCLTEHSRIHTRVNFYKCEECGKAFNWSSTLTKHKRIHTGEKPYK,48,92
498,0.0,HTGEKPYKCKECGKAFNRSSTLTTHRKIHTGEKPYKCEECGKAFKQSSNLTTHKIIHTGEKPYKCKKCGKAFNQSAHLTTHEVIHTGEKPYK,48,92
499,0.0,HTGEKPYKCEECGKAFKQSSNLTTHKIIHTGEKPYKCKKCGKAFNQSAHLTTHEVIHTGEKPYKCEKCGKAFNHFSHLTTHKIIHTGEKPYK,48,92
500,0.0,HTGEKPYKCKKCGKAFNQSAHLTTHEVIHTGEKPYKCEKCGKAFNHFSHLTTHKIIHTGEKPYKCKECGKAFKHSSTLTKHKIIHTGEKPYK,48,92
501,0.0,HTGEKPYKCEKCGKAFNHFSHLTTHKIIHTGEKPYKCKECGKAFKHSSTLTKHKIIHTGEKPYKCKECEKAFNQSSKLTEHKKIHTGEKPYE,48,92
502,0.0,HTGEKPYKCKECGKAFKHSSTLTKHKIIHTGEKPYKCKECEKAFNQSSKLTEHKKIHTGEKPYECEKCGKAFNQSSNLTRHKKSHTEEKPYK,48,92
503,0.0,HTGEKPYKCKECEKAFNQSSKLTEHKKIHTGEKPYECEKCGKAFNQSSNLTRHKKSHTEEKPYKCEECGKGFKWPSTLTIHKIIHTGEKPYK,48,92
504,0.0,HTGEKPYECEKCGKAFNQSSNLTRHKKSHTEEKPYKCEECGKGFKWPSTLTIHKIIHTGEKPYKCEECGKAFNQSSKLTKHKKIHTGEKPYT,48,92
505,0.0,HTEEKPYKCEECGKGFKWPSTLTIHKIIHTGEKPYKCEECGKAFNQSSKLTKHKKIHTGEKPYTCEECGKAFNQSSNLTKHKRIHTGEKPYK,48,92
506,0.0,HTGEKPYTCEECGKAFNQSSNLTKHKRIHTGEKPYKCEECDKAFKWSSVLTKHKIIHTGEKLQI,48,64
507,0.0,GVSMKHYDCGESGNNFRRKLCLSHLQKGDKGEKHFECNECGKAFWEKSHLTRHQRVHTGQKPFQCNECEKAFWDKSNLTKHQRSHTGEKPFE,49,92
511,0.0,HTGEKPYQCNACGKTFCQKSDLTKHQRTHTGLKPYECYECGKSFRVTSHLKVHQRTHTGEKPFECLECGKSFSEKSNLTQHQRIHIGDKSYE,49,92
512,0.0,HTGLKPYECYECGKSFRVTSHLKVHQRTHTGEKPFECLECGKSFSEKSNLTQHQRIHIGDKSYECNACGKTFYHKSLLTRHQIIHTGWKPYE,49,92
513,0.0,HTGEKPFECLECGKSFSEKSNLTQHQRIHIGDKSYECNACGKTFYHKSLLTRHQIIHTGWKPYECYECGKTFCLKSDLTVHQRTHTGQKPFA,49,92
514,0.0,HIGDKSYECNACGKTFYHKSLLTRHQIIHTGWKPYECYECGKTFCLKSDLTVHQRTHTGQKPFACPECGKFFSHKSTLSQHYRTHTGEKPYE,49,92
515,0.0,HTGWKPYECYECGKTFCLKSDLTVHQRTHTGQKPFACPECGKFFSHKSTLSQHYRTHTGEKPYECHECGKIFYNKSYLTKHNRTHTGEKPYE,49,92
516,0.0,HTGQKPFACPECGKFFSHKSTLSQHYRTHTGEKPYECHECGKIFYNKSYLTKHNRTHTGEKPYECNECGKAFYQKSQLTQHQRIHIGEKPYK,49,92
517,0.0,HTGEKPYECHECGKIFYNKSYLTKHNRTHTGEKPYECNECGKAFYQKSQLTQHQRIHIGEKPYKCNECGKAFCHKSALIVHQRTHTQEKPYK,49,92
518,0.0,HTGEKPYECNECGKAFYQKSQLTQHQRIHIGEKPYKCNECGKAFCHKSALIVHQRTHTQEKPYKCNECGKSFCVKSGLIFHERKHTGEKPYE,49,92
519,0.0,HIGEKPYKCNECGKAFCHKSALIVHQRTHTQEKPYKCNECGKSFCVKSGLIFHERKHTGEKPYECNECGKFFRHKSSLTVHHRAHTGEKSCQ,49,92
520,0.0,HTQEKPYKCNECGKSFCVKSGLIFHERKHTGEKPYECNECGKFFRHKSSLTVHHRAHTGEKSCQCNECGKIFYRKSELAQHQRSHTGEKPYE,49,92
521,0.0,HTGEKPYECNECGKFFRHKSSLTVHHRAHTGEKSCQCNECGKIFYRKSELAQHQRSHTGEKPYECNTCRKTFSQKSNLIVHQRRHIGENLMN,49,92
522,0.0,HTGEKPYECNECGKFFRHKSSLTVHHRAHTGEKSCQCNECGKIFYRKSELAQHQRSHTGEKPYECNTCRKTFSQKSNLIVHQRRHIGENLMN,49,92
523,0.0,HTGEKSCQCNECGKIFYRKSELAQHQRSHTGEKPYECNTCRKTFSQKSNLIVHQRRHIGENLMNEMDIRNFQPQVSLHNASEYSHCGESPDD,49,92
527,0.0,TKITQKQVSTEGDLYECDSHGPVTDALIREEKNSYKCEECGKVFKKNALLVQHERIHTQVKPYECTECGKTFSKSTHLLQHLIIHTGEKPYK,51,92
528,0.0,REEKNSYKCEECGKVFKKNALLVQHERIHTQVKPYECTECGKTFSKSTHLLQHLIIHTGEKPYKCMECGKAFNRRSHLTRHQRIHSGEKPYK,51,92
529,0.0,HTQVKPYECTECGKTFSKSTHLLQHLIIHTGEKPYKCMECGKAFNRRSHLTRHQRIHSGEKPYKCSECGKAFTHRSTFVLHHRSHTGEKPFV,51,92
530,0.0,HTGEKPYKCMECGKAFNRRSHLTRHQRIHSGEKPYKCSECGKAFTHRSTFVLHHRSHTGEKPFVCKECGKAFRDRPGFIRHYIIHTGEKPYE,51,92
531,0.0,HSGEKPYKCSECGKAFTHRSTFVLHHRSHTGEKPFVCKECGKAFRDRPGFIRHYIIHTGEKPYECIECGKAFNRRSYLTWHQQIHTGVKPFE,51,92
540,0.0,ISCRLKTHISNKYGKNFLHSSFTQIQEICMREKPCQSNECGKAFNYSSLLRRHHITHSREREYKCDVCGKIFNQKQYIVYHHRCHTGEKTYK,52,92
541,0.0,CMREKPCQSNECGKAFNYSSLLRRHHITHSREREYKCDVCGKIFNQKQYIVYHHRCHTGEKTYKCNECGKTFTQMSSLVCHRRLHTGEKPYK,52,92
542,0.0,HSREREYKCDVCGKIFNQKQYIVYHHRCHTGEKTYKCNECGKTFTQMSSLVCHRRLHTGEKPYKCNECGKTFSEKSSLRCHRRLHTGEKPYK,52,92
543,0.0,HTGEKTYKCNECGKTFTQMSSLVCHRRLHTGEKPYKCNECGKTFSEKSSLRCHRRLHTGEKPYKCNECGKTFGRNSALVIHKAIHTGEKPYK,52,92
544,0.0,HTGEKPYKCNECGKTFSEKSSLRCHRRLHTGEKPYKCNECGKTFGRNSALVIHKAIHTGEKPYKCNECGKTFSQKSSLQCHHILHTGEKPYK,52,92
545,0.0,HTGEKPYKCNECGKTFGRNSALVIHKAIHTGEKPYKCNECGKTFSQKSSLQCHHILHTGEKPYKCEECDNVYIRRSHLERHRKIHTGEGSYK,52,92
546,0.0,HTGEKPYKCNECGKTFSQKSSLQCHHILHTGEKPYKCEECDNVYIRRSHLERHRKIHTGEGSYKCKVCDKVFRSDSYLAEHQRVHTGEKPYK,52,92
553,0.0,HTGEKPYKCNKCAKVFNQKGILAQHQRVHTGEKPYKCNECGKVFNQKASLAKHQRVHTAEKPYKCNECGKAFTGQSTLIHHQAIHGCRETLQ,52,92
554,0.0,HTGEKPYKCNECGKVFNQKASLAKHQRVHTAEKPYKCNECGKAFTGQSTLIHHQAIHGCRETLQM,52,65
555,0.0,HNGESLHEWKECGRGFIHSTDLAVRIQTHRSEKPYKCKECGKGFRYSAYLNIHMGTHTGDNPYECKECGKAFTRSCQLTQHRKTHTGEKPYK,53,92
556,0.0,HRSEKPYKCKECGKGFRYSAYLNIHMGTHTGDNPYECKECGKAFTRSCQLTQHRKTHTGEKPYKCKDCGRAFTVSSCLSQHMKIHVGEKPYE,53,92
557,0.0,HTGDNPYECKECGKAFTRSCQLTQHRKTHTGEKPYKCKDCGRAFTVSSCLSQHMKIHVGEKPYECKECGIAFTRSSQLTEHLKTHTAKDPFE,53,92
558,0.0,HTGEKPYKCKDCGRAFTVSSCLSQHMKIHVGEKPYECKECGIAFTRSSQLTEHLKTHTAKDPFECKICGKSFRNSSCLSDHFRIHTGIKPYK,53,92
559,0.0,HVGEKPYECKECGIAFTRSSQLTEHLKTHTAKDPFECKICGKSFRNSSCLSDHFRIHTGIKPYKCKDCGKAFTQNSDLTKHARTHSGERPYE,53,92
565,0.0,HSAKKPFTCMECGKAFKFPTCVNLHMRIHTGEKPYKCKQCGKSFSYSNSFQLHERTHTGEKPYECKECGKAFSSSSSFRNHERRHADERLSA,53,92
566,0.0,HTGEKPYKCKQCGKSFSYSNSFQLHERTHTGEKPYECKECGKAFSSSSSFRNHERRHADERLSA,53,64
567,0.0,SLIHEGENSYKFEEMFNENCFLVQHEQILPRVKPYDCPECGKAFGKSKHLLQHHIIHTGEKPYKCLECGKDFNRRSHLTRHQRTHNGDKPFV,54,92
568,0.0,LPRVKPYDCPECGKAFGKSKHLLQHHIIHTGEKPYKCLECGKDFNRRSHLTRHQRTHNGDKPFVCSECGRTFNRGSHLTRHQRVHSGEKPFV,54,92
569,0.0,HTGEKPYKCLECGKDFNRRSHLTRHQRTHNGDKPFVCSECGRTFNRGSHLTRHQRVHSGEKPFVCNECGKAFTYRSNFVLHNKSHNEKKPFA,54,92
570,0.0,HNGDKPFVCSECGRTFNRGSHLTRHQRVHSGEKPFVCNECGKAFTYRSNFVLHNKSHNEKKPFACSECGKGFYESTALIQHFIIHTGERPFK,54,92
571,0.0,HSGEKPFVCNECGKAFTYRSNFVLHNKSHNEKKPFACSECGKGFYESTALIQHFIIHTGERPFKCLECGKAFNCRSHLKQHERIHTGEKPFV,54,92
572,0.0,HNEKKPFACSECGKGFYESTALIQHFIIHTGERPFKCLECGKAFNCRSHLKQHERIHTGEKPFVCSQCGKAFTHYSTYVLHERAHTGEKPFE,54,92
573,0.0,HTGERPFKCLECGKAFNCRSHLKQHERIHTGEKPFVCSQCGKAFTHYSTYVLHERAHTGEKPFECKECGKAFSIRKDLIRHFNIHTGEKPYE,54,92
578,0.0,QTGKKPFKCKECGKSCCILSQLTQHKKTATRVNFYKCKTCGKAFNQFSNLTKHKIIHPEVNPYKCEECGKAFNQSLTLTKHKKIHTEEKPYK,55,92
579,0.0,ATRVNFYKCKTCGKAFNQFSNLTKHKIIHPEVNPYKCEECGKAFNQSLTLTKHKKIHTEEKPYKCEDCGKVFSVFSVLTKHKIIHTGTKPYN,55,92
584,0.0,HTGEKPYKCEECGKAFKRSTTLTKHKRIYTKEKPYKCEECGKAFSVFSTLTKHKIIHTGAKPYKCEECGSAFRAFSTLTEHKRVHTGEKPYK,55,92
585,0.0,YTKEKPYKCEECGKAFSVFSTLTKHKIIHTGAKPYKCEECGSAFRAFSTLTEHKRVHTGEKPYKCNECGKAFNWSSTLTKHKRIHTGEKPYK,55,92
586,0.0,HTGEKPYKCNECGKAFNWSSTLTKHKRIHTGEKPYKCEECGKAFNRSSNLTRHKKIHTGEKPYKPKRCDSAFDNTPNFSRHKRNHMGEKS,55,90
587,0.0,MSHLSQQRIYSGENPFACKVCGKVFSHKSNLTEHEHFHTREKPFECNECGKAFSQKQYVIKHQNTHTGEKLFE,56,73
588,0.0,YSGENPFACKVCGKVFSHKSNLTEHEHFHTREKPFECNECGKAFSQKQYVIKHQNTHTGEKLFECNECGKSFSQKENLLTHQKIHTGEKPFE,56,92
589,0.0,HTREKPFECNECGKAFSQKQYVIKHQNTHTGEKLFECNECGKSFSQKENLLTHQKIHTGEKPFECKDCGKAFIQKSNLIRHQRTHTGEKPFV,56,92
590,0.0,HTGEKLFECNECGKSFSQKENLLTHQKIHTGEKPFECKDCGKAFIQKSNLIRHQRTHTGEKPFVCKECGKTFSGKSNLTEHEKIHIGEKPFK,56,92
591,0.0,HTGEKPFECKDCGKAFIQKSNLIRHQRTHTGEKPFVCKECGKTFSGKSNLTEHEKIHIGEKPFKCSECGTAFGQKKYLIKHQNIHTGEKPYE,56,92
597,0.0,QPAERFFDPNQRGKALHQKQALRKSQRSQTGEKLYKCTECGKVFIQKANLVVHQRTHTGEKPYECCECAKAFSQKSTLIAHQRTHTGEKPYE,57,92
601,0.0,IHTSEKPQCSEHGKASDEKPSPTKHWRTHTKENIYECSKCGKSFRGKSHLSVHQRIHTGEKPYECSICGKTFSGKSHLSVHHRTHTGEKPYE,57,92
602,0.0,HTKENIYECSKCGKSFRGKSHLSVHQRIHTGEKPYECSICGKTFSGKSHLSVHHRTHTGEKPYECRRCGKAFGEKSTLIVHQRMHTGEKPYK,57,92
603,0.0,HTGEKPYECSICGKTFSGKSHLSVHHRTHTGEKPYECRRCGKAFGEKSTLIVHQRMHTGEKPYKCNECGKAFSEKSPLIKHQRIHTGERPYE,57,92
604,0.0,HTGEKPYECRRCGKAFGEKSTLIVHQRMHTGEKPYKCNECGKAFSEKSPLIKHQRIHTGERPYECTDCKKAFSRKSTLIKHQRIHTGEKPYK,57,92
605,0.0,HTGEKPYKCNECGKAFSEKSPLIKHQRIHTGERPYECTDCKKAFSRKSTLIKHQRIHTGEKPYKCSECGKAFSVKSTLIVHHRTHTGEKPYE,57,92
606,0.0,HTGERPYECTDCKKAFSRKSTLIKHQRIHTGEKPYKCSECGKAFSVKSTLIVHHRTHTGEKPYECRDCGKAFSGKSTLIKHQRSHTGDKNL,57,91
607,0.0,HTGEKPYKCSECGKAFSVKSTLIVHHRTHTGEKPYECRDCGKAFSGKSTLIKHQRSHTGDKNL,57,63
612,0.0,HTGEKPYKCHECDKVFNQIAHLVRHQKIHTGEKPYSCNKCGKVFSRHSYLAEHQTVHTGEKPYKCEECGKAFSVRSSLITHQLIHTGRKPYK,58,92
613,0.0,HTGEKPYSCNKCGKVFSRHSYLAEHQTVHTGEKPYKCEECGKAFSVRSSLITHQLIHTGRKPYKCKECDKVFGRKCFLTSHQRIHTRERPYG,58,92
614,0.0,HTGEKPYKCEECGKAFSVRSSLITHQLIHTGRKPYKCKECDKVFGRKCFLTSHQRIHTRERPYGCSQCGKIFSQKSDLIRHRKTHTDEKPYK,58,92
615,0.0,HTGRKPYKCKECDKVFGRKCFLTSHQRIHTRERPYGCSQCGKIFSQKSDLIRHRKTHTDEKPYKCNKCGTAFREFSDLTAHFLIHSGEKPYE,58,92
616,0.0,HTRERPYGCSQCGKIFSQKSDLIRHRKTHTDEKPYKCNKCGTAFREFSDLTAHFLIHSGEKPYECKECGKVFRYKSSLTSHHRIHTGEKPYK,58,92
617,0.0,HTDEKPYKCNKCGTAFREFSDLTAHFLIHSGEKPYECKECGKVFRYKSSLTSHHRIHTGEKPYKCNRCGKVFSRSSNLVCHQKIHTGEKPYK,58,92
618,0.0,HSGEKPYECKECGKVFRYKSSLTSHHRIHTGEKPYKCNRCGKVFSRSSNLVCHQKIHTGEKPYKCNQCGKVFNQASYLTRHQIIHTGERPYR,58,92
619,0.0,HTGEKPYKCNRCGKVFSRSSNLVCHQKIHTGEKPYKCNQCGKVFNQASYLTRHQIIHTGERPYRCSKCGKAFRGCSGLTAHLAIHTEKKSHE,58,92
620,0.0,HTGEKPYKCNQCGKVFNQASYLTRHQIIHTGERPYRCSKCGKAFRGCSGLTAHLAIHTEKKSHECKECGKIFTQKSSLTNHHRIHIGEKPYK,58,92
621,0.0,HTGERPYRCSKCGKAFRGCSGLTAHLAIHTEKKSHECKECGKIFTQKSSLTNHHRIHIGEKPYKCTLCSKVFSHNSDLAQHQRVHS,58,86
622,0.0,HTEKKSHECKECGKIFTQKSSLTNHHRIHIGEKPYKCTLCSKVFSHNSDLAQHQRVHS,58,58
630,0.0,HTGERPYKCGDCGKSFSQSSILIQHRRIHTGARPYECGQCGKSFSQKSGLIQHQVVHTGERPYECNKCGNSFSQCSSLIHHQKCHNT,59,87
631,0.0,HTGARPYECGQCGKSFSQKSGLIQHQVVHTGERPYECNKCGNSFSQCSSLIHHQKCHNT,59,59
632,0.0,MIGMLESLQHESDLLQHDQIHTGEKPYECNECRKTFSLKQNLVEHKKMHTGEKSHECTECGKVCSRVSSLTLHLRSHTGKKAYK,60,84
633,0.0,HTGEKPYECNECRKTFSLKQNLVEHKKMHTGEKSHECTECGKVCSRVSSLTLHLRSHTGKKAYKCNKCGKAFSQKENFLSHQKHHTGEKPYE,60,92
634,0.0,HTGEKSHECTECGKVCSRVSSLTLHLRSHTGKKAYKCNKCGKAFSQKENFLSHQKHHTGEKPYECEKVSIQMPTIIRHQKNHTGTKPYACKE,60,92
635,0.0,QKHHTGEKPYECEKVSIQMPTIIRHQKNHTGTKPYACKECGKAFNGKAYLTEHEKIHTGEKPFECNQCGRAFSQKQYLIKHQNIHTGKKPFK,60,92
636,0.0,HTGTKPYACKECGKAFNGKAYLTEHEKIHTGEKPFECNQCGRAFSQKQYLIKHQNIHTGKKPFKCSECGKAFSQKENLIIHQRIHTGEKPYE,60,92
637,0.0,HTGEKPFECNQCGRAFSQKQYLIKHQNIHTGKKPFKCSECGKAFSQKENLIIHQRIHTGEKPYECKGCGKAFIQKSSLIRHQRSHTGEKPYT,60,92
638,0.0,HTGKKPFKCSECGKAFSQKENLIIHQRIHTGEKPYECKGCGKAFIQKSSLIRHQRSHTGEKPYTCKECGKAFSGKSNLTEHEKIHIGEKPYK,60,92
639,0.0,HTGEKPYECKGCGKAFIQKSSLIRHQRSHTGEKPYTCKECGKAFSGKSNLTEHEKIHIGEKPYKCNECGTIFRQKQYLIKHHNIHTGEKPYE,60,92
645,0.0,IIEQRHHKYDTPTKRNTYKLDLINHPTSYIRTKTYECNICEKIFKQPIHLTEHMRIHTGEKPFRCKECGRAFSQSASLSTHQRIHTGEKPFE,61,92
646,0.0,YIRTKTYECNICEKIFKQPIHLTEHMRIHTGEKPFRCKECGRAFSQSASLSTHQRIHTGEKPFECEECGKAFRHRSSLNQHHRTHTGEKPYV,61,92
647,0.0,HTGEKPFRCKECGRAFSQSASLSTHQRIHTGEKPFECEECGKAFRHRSSLNQHHRTHTGEKPYVCDKCQKAFSQNISLVQHLRTHSGEKPFT,61,92
648,0.0,HTGEKPFECEECGKAFRHRSSLNQHHRTHTGEKPYVCDKCQKAFSQNISLVQHLRTHSGEKPFTCNECGKTFRQIRHLSEHIRIHTGEKPYA,61,92
649,0.0,HTGEKPYVCDKCQKAFSQNISLVQHLRTHSGEKPFTCNECGKTFRQIRHLSEHIRIHTGEKPYACTACCKTFSHRAYLTHHQRIHTGERPYK,61,92
654,0.0,QTRWKQGRYDEDGKPFNQRSLLLGHERILTRAKSYECSECGKVIRRKAWFDQHQRIHFLENPFECKVCGQAFRQRSALTVHKQCHLQNKPYR,62,92
655,0.0,LTRAKSYECSECGKVIRRKAWFDQHQRIHFLENPFECKVCGQAFRQRSALTVHKQCHLQNKPYRCHDCGKCFRQLAYLVEHKRIHTKEKPYK,62,92
659,0.0,HSGEKRHKCLECGKAFGRHSTLLCHQQIHSKPNTHKCSECGQSFGRNVDLIQHQRIHTKEEFFQCGECGKTFSFKRNLFRHQVIHTGSQPYQ,62,92
660,0.0,HSKPNTHKCSECGQSFGRNVDLIQHQRIHTKEEFFQCGECGKTFSFKRNLFRHQVIHTGSQPYQCVICGKSFKWHTSFIKHQGTHKGQIST,62,91
661,0.0,HTKEEFFQCGECGKTFSFKRNLFRHQVIHTGSQPYQCVICGKSFKWHTSFIKHQGTHKGQIST,62,63
662,0.0,KLVSAQQKAPTRKSGCNKNSVLVKPKKGHSGKKPLKCNDCGKTFSRSFSLKLHQNIHTGEKPFECSNCRKAFRQISSILLHQRIHSGKKSHE,63,92
663,0.0,HSGKKPLKCNDCGKTFSRSFSLKLHQNIHTGEKPFECSNCRKAFRQISSILLHQRIHSGKKSHECNKCGESFNQRTTLILHMRIHDGKEILD,63,92
664,0.0,HTGEKPFECSNCRKAFRQISSILLHQRIHSGKKSHECNKCGESFNQRTTLILHMRIHDGKEILDCGKALSQCQSFNIHQKIHVVGNVCQCRK,63,92
665,0.0,MRIHDGKEILDCGKALSQCQSFNIHQKIHVVGNVCQCRKCGKAFNQMSSLLLHKKIHNGKKTHKYNKCGRGFKKKSVFVVHKRIHAGEKIPE,63,92
666,0.0,MRIHDGKEILDCGKALSQCQSFNIHQKIHVVGNVCQCRKCGKAFNQMSSLLLHKKIHNGKKTHKYNKCGRGFKKKSVFVVHKRIHAGEKIPE,63,92
667,0.0,FVVHKRIHAGEKIPENAKALSQSLQQRSHHLENPFKCRKCGKLFNRISPLMLHQRIHTSEKPYKCDKCDKFFRRLSTLILHLRIHNGEKLYR,63,92
668,0.0,HHLENPFKCRKCGKLFNRISPLMLHQRIHTSEKPYKCDKCDKFFRRLSTLILHLRIHNGEKLYRCNKCEKVCNRHSSLIQHQKVHTKKKKLF,63,92
669,0.0,HTSEKPYKCDKCDKFFRRLSTLILHLRIHNGEKLYRCNKCEKVCNRHSSLIQHQKVHTKKKKLFECKECGKMFSGTANLKIHQNIHSEEKPF,63,92
676,0.0,HTGEKPYECNECGKAFSSGSDLIRHQRSHSSEKPYECSKCGKAYSRSSSLIRHQNTHSEEKA,63,62
677,0.0,HSGEKPYEYSECEKNLPQNSNLNIHKKIHTGGKHFECTECGKAFTRKSTLSMHQKIHTGEKPYVCTECGKAFIRKSHFITHERIHTGEKPYE,64,92
678,0.0,HTGGKHFECTECGKAFTRKSTLSMHQKIHTGEKPYVCTECGKAFIRKSHFITHERIHTGEKPYECSDCGKSFIKKSQLHVHQRIHTGENPFI,64,92
679,0.0,HTGEKPYVCTECGKAFIRKSHFITHERIHTGEKPYECSDCGKSFIKKSQLHVHQRIHTGENPFICSECGKVFTHKTNLIIHQKIHTGERPYI,64,92
680,0.0,HTGEKPYECSDCGKSFIKKSQLHVHQRIHTGENPFICSECGKVFTHKTNLIIHQKIHTGERPYICTVCGKAFTDRSNLIKHQKIHTGEKPYK,64,92
681,0.0,HTGENPFICSECGKVFTHKTNLIIHQKIHTGERPYICTVCGKAFTDRSNLIKHQKIHTGEKPYKCSDCGKSFTWKSRLRIHQKCHTGERHYE,64,92
682,0.0,HTGERPYICTVCGKAFTDRSNLIKHQKIHTGEKPYKCSDCGKSFTWKSRLRIHQKCHTGERHYECSECGKAFIQKSTLSMHQRIHRGEKPYV,64,92
683,0.0,HTGEKPYKCSDCGKSFTWKSRLRIHQKCHTGERHYECSECGKAFIQKSTLSMHQRIHRGEKPYVCTECGKAFFHKSHFITHERIHTGEKPYE,64,92
691,0.0,HTGEKPYECSDCGKSFIKKSQLHEHHRIHTGEKPYICAECGKAFTIRSNLIKHQKIHTKQKPYKCSDLGKALNWKPQLSMPQKSDNGEVECS,64,92
692,0.0,LNPMRKKSYKSFEKCLPPNLDLLKYNRSYTVENAYECSECGKAFKKKFHFIRHEKNHTRKKPFECNDCGKAYSRKAHLATHQKIHNGERPFV,65,92
693,0.0,YTVENAYECSECGKAFKKKFHFIRHEKNHTRKKPFECNDCGKAYSRKAHLATHQKIHNGERPFVCNDCGKAFMHKAQLVVHQRLHTGEKPYE,65,92
694,0.0,HTRKKPFECNDCGKAYSRKAHLATHQKIHNGERPFVCNDCGKAFMHKAQLVVHQRLHTGEKPYECSQCGKTFTWNSSFNQHVKSHTLEKSFE,65,92
695,0.0,HNGERPFVCNDCGKAFMHKAQLVVHQRLHTGEKPYECSQCGKTFTWNSSFNQHVKSHTLEKSFECKECGKTFRYSSSLYKHSRFHTGEKPYQ,65,92
696,0.0,HTGEKPYECSQCGKTFTWNSSFNQHVKSHTLEKSFECKECGKTFRYSSSLYKHSRFHTGEKPYQCIICGKAFGNTSVLVTHQRIHTGEKPYS,65,92
697,0.0,HTLEKSFECKECGKTFRYSSSLYKHSRFHTGEKPYQCIICGKAFGNTSVLVTHQRIHTGEKPYSCIECGKAFIKKSHLLRHQITHTGEKPYE,65,92
701,0.0,HLEEKQCKCDVCGKVFNQKRYLACHRRCHTGEKPYKCNECGKTFGHNSSLFIHKALHTGEKPYECEECDKVFSRKSHLERHKRIHTGEKPYK,66,92
703,0.0,HTGEKPYECEECDKVFSRKSHLERHKRIHTGEKPYKCKVCDEAFAYNSYLAKHTILHTGEKPYTCNECGKVFNRLSTLARHHRLHTGEKPYK,66,92
706,0.0,HTGEKPYKCKVCDKAFQRDSHLAQHQRVHTGEKPYKCNECGKTFGQTSSLIIHRRLHTGEKPYKCNECGKTFSQMSSLVYHHRLHSGEKP,66,90
707,0.0,HTGEKPYKCNECGKTFGQTSSLIIHRRLHTGEKPYKCNECGKTFSQMSSLVYHHRLHSGEKP,66,62
717,0.0,HTGERPYKCEECGKAFNQSSILTTHRRIHTGEKFYKCEECGKAFKCSSNLTTHKKIHTGERPYKCEECGKAFNQSSILTTHERIILERNSTN,67,92
718,0.0,LEGQHGTLPGEGQLESFSQERDLNKLLDGYVGEKPMCAECGKSFNQSSYLIRHLRTHTGERPYTCIECGKGFKQSSDLVTHRRTHTGEKPYQ,68,92
719,0.0,GYVGEKPMCAECGKSFNQSSYLIRHLRTHTGERPYTCIECGKGFKQSSDLVTHRRTHTGEKPYQCKGCEKKFSDSSTLIKHQRTHTGERPYE,68,92
720,0.0,HTGERPYTCIECGKGFKQSSDLVTHRRTHTGEKPYQCKGCEKKFSDSSTLIKHQRTHTGERPYECPECGKTFGRKPHLIMHQRTHTGEKPYA,68,92
721,0.0,HTGEKPYQCKGCEKKFSDSSTLIKHQRTHTGERPYECPECGKTFGRKPHLIMHQRTHTGEKPYACLECHKSFSRSSNFITHQRTHTGVKPYR,68,92
722,0.0,HTGERPYECPECGKTFGRKPHLIMHQRTHTGEKPYACLECHKSFSRSSNFITHQRTHTGVKPYRCNDCGESFSQSSDLIKHQRTHTGERPFK,68,92
723,0.0,HTGEKPYACLECHKSFSRSSNFITHQRTHTGVKPYRCNDCGESFSQSSDLIKHQRTHTGERPFKCPECGKGFRDSSHFVAHMSTHSGERPFS,68,92
733,0.0,HSEEKPYLCRECGQSFRSKSILNRHQWTHSEEKPYVCSECGRGFSEKSSFIRHQRTHSGEKPYVCLECGRSFCDKSTLRKHQRIHSGEKPYV,69,92
734,0.0,HSEEKPYVCSECGRGFSEKSSFIRHQRTHSGEKPYVCLECGRSFCDKSTLRKHQRIHSGEKPYVCRECGRGFSQNSDLIKHQRTHLDEKPYV,69,92
735,0.0,HSGEKPYVCLECGRSFCDKSTLRKHQRIHSGEKPYVCRECGRGFSQNSDLIKHQRTHLDEKPYVCRECGRGFCDKSTLIIHERTHSGEKPYV,69,92
736,0.0,HSGEKPYVCRECGRGFSQNSDLIKHQRTHLDEKPYVCRECGRGFCDKSTLIIHERTHSGEKPYVCGECGRGFSRKSLLLVHQRTHSGEKHYV,69,92
737,0.0,HLDEKPYVCRECGRGFCDKSTLIIHERTHSGEKPYVCGECGRGFSRKSLLLVHQRTHSGEKHYVCRECRRGFSQKSNLIRHQRTHSNEKPYI,69,92
738,0.0,HSGEKPYVCGECGRGFSRKSLLLVHQRTHSGEKHYVCRECRRGFSQKSNLIRHQRTHSNEKPYICRECGRGFCDKSTLIVHERTHSGEKPYV,69,92
739,0.0,HSGEKHYVCRECRRGFSQKSNLIRHQRTHSNEKPYICRECGRGFCDKSTLIVHERTHSGEKPYVCSECGRGFSRKSLLLVHQRTHSGEKHYV,69,92
740,0.0,HSNEKPYICRECGRGFCDKSTLIVHERTHSGEKPYVCSECGRGFSRKSLLLVHQRTHSGEKHYVCRECGRGFSHKSNLIRHQRTH,69,85
741,0.0,HSGEKPYVCSECGRGFSRKSLLLVHQRTHSGEKHYVCRECGRGFSHKSNLIRHQRTH,69,57
742,0.0,PTGRKPLKYTESRKSFREKSVFIQHQRADSGERPYKCSECGKSFSQSSGFLRHRKAHGRTRTHECSECGKSFSRKTHLTQHQRVHTGERPYD,70,92
743,0.0,DSGERPYKCSECGKSFSQSSGFLRHRKAHGRTRTHECSECGKSFSRKTHLTQHQRVHTGERPYDCSECGKSFRQVSVLIQHQRVHTGERPYE,70,92
744,0.0,HGRTRTHECSECGKSFSRKTHLTQHQRVHTGERPYDCSECGKSFRQVSVLIQHQRVHTGERPYECSECGKSFSHSTNLYRHRSAHTSTRPYE,70,92
745,0.0,HTGERPYDCSECGKSFRQVSVLIQHQRVHTGERPYECSECGKSFSHSTNLYRHRSAHTSTRPYECSECGKSFSHSTNLFRHWRVHTGVRPYE,70,92
746,0.0,HTGERPYECSECGKSFSHSTNLYRHRSAHTSTRPYECSECGKSFSHSTNLFRHWRVHTGVRPYECSECGKAFSCNIYLIHHQRFHTGERPYV,70,92
747,0.0,HTSTRPYECSECGKSFSHSTNLFRHWRVHTGVRPYECSECGKAFSCNIYLIHHQRFHTGERPYVCSECGKSFGQKSVLIQHQRVHTGERPYE,70,92
748,0.0,HTGVRPYECSECGKAFSCNIYLIHHQRFHTGERPYVCSECGKSFGQKSVLIQHQRVHTGERPYECSECGKVFSQSSGLFRHRRAHTKTKPYE,70,92
762,0.0,QIREKPCECNEHGKAFRVSSRLANNQVIHTADNPYKCNECDKVFSNSSNLVQHQRIHTGEKPYKCHECGKLFNRISLLARHQRIHTGEKPYK,72,92
770,0.0,HTGEQPYKCNECGKAFRDCSGLTAHLLIHTGEKPYKCKECAKVFRHRLSLSNHQRFHTGEKPYRCDECGKDFTRNSNLANHHRIHTGEKPYK,72,92
771,0.0,HTGEKPYKCKECAKVFRHRLSLSNHQRFHTGEKPYRCDECGKDFTRNSNLANHHRIHTGEKPYKCSECHKVFSHNSHLARHRQIHTGEKSYK,72,92
772,0.0,HTGEKPYRCDECGKDFTRNSNLANHHRIHTGEKPYKCSECHKVFSHNSHLARHRQIHTGEKSYKCNECGKVFSHKLYLKKHERIHTGEKPYR,72,92
773,0.0,HTGEKPYKCSECHKVFSHNSHLARHRQIHTGEKSYKCNECGKVFSHKLYLKKHERIHTGEKPYRCHECGKDFTRNSNLANHHRIHTGEKPYR,72,92
774,0.0,HTGEKSYKCNECGKVFSHKLYLKKHERIHTGEKPYRCHECGKDFTRNSNLANHHRIHTGEKPYR,72,64
775,0.0,EQFHNEMNFPEGGNSVNTNSQFIKHQRTQNIDKPHVCTECGKAFLKKSRLIYHQRVHTGEKPHGCSICGKAFSRKSGLTEHQRNHTGEKPYE,73,92
776,0.0,QNIDKPHVCTECGKAFLKKSRLIYHQRVHTGEKPHGCSICGKAFSRKSGLTEHQRNHTGEKPYECTECDKAFRWKSQLNAHQKIHTGEKSYI,73,92
777,0.0,HTGEKPHGCSICGKAFSRKSGLTEHQRNHTGEKPYECTECDKAFRWKSQLNAHQKIHTGEKSYICSDCGKGFIKKSRLINHQRVHTGEKPHG,73,92
778,0.0,HTGEKPYECTECDKAFRWKSQLNAHQKIHTGEKSYICSDCGKGFIKKSRLINHQRVHTGEKPHGCSLCGKAFSKRSRLTEHQRTHTGEKPYE,73,92
779,0.0,HTGEKSYICSDCGKGFIKKSRLINHQRVHTGEKPHGCSLCGKAFSKRSRLTEHQRTHTGEKPYECTECDKAFRWKSQLNAHQKAHTGEKSYI,73,92
780,0.0,HTGEKPHGCSLCGKAFSKRSRLTEHQRTHTGEKPYECTECDKAFRWKSQLNAHQKAHTGEKSYICRDCGKGFIQKGNLIVHQRIHTGEKPYI,73,92
784,0.0,HTGKTPFVCTECGKSCSHKSGLINHQRIHTGEKPYTCSDCGKAFRDKSCLNRHRRTHTGERPYGCSDCGKAFSHLSCLVYHKGMLHAREKCV,73,92
785,0.0,HTGEKPYTCSDCGKAFRDKSCLNRHRRTHTGERPYGCSDCGKAFSHLSCLVYHKGMLHAREKCVGSVKLENPCSESHSLSHTRDLIQDKDSV,73,92
786,0.0,QIDGHIYQCLECKQNFCENLALIMCERTHTGEKPYKCDMCEKTFVQSSDLTSHQRIHNYEKPYKCSKCEKSFWHHLALSGHQRTHAGKKFYT,74,92
794,0.0,TSHSKIFQCDKYVKVFHKFSNSNRHKIRHTSKKPFKCKECGKLFCILSHLAQHKKIHTGEKSYKCEEYGKAFNESSNCTTHKRITEKKPYKC,75,92
795,0.0,IHTGEKSYKCEEYGKAFNESSNCTTHKRITEKKPYKCKECGKAFNWFSHFTTHKRIHTGEKPYQCEKCGKFFNQSTNLTTHKRIHTGEKPYK,75,92
796,0.0,ITEKKPYKCKECGKAFNWFSHFTTHKRIHTGEKPYQCEKCGKFFNQSTNLTTHKRIHTGEKPYKCEECGKAFNQSSNLTEHKKIHTKEQPYK,75,92
797,0.0,HTGEKPYQCEKCGKFFNQSTNLTTHKRIHTGEKPYKCEECGKAFNQSSNLTEHKKIHTKEQPYKCEKCGKAFKWSSTLTKHKRIHNGEKPYK,75,92
798,0.0,HTGEKPYKCEECGKAFNQSSNLTEHKKIHTKEQPYKCEKCGKAFKWSSTLTKHKRIHNGEKPYKCEECGKAFNRSSTLNRHKITHTGGKPYK,75,92
799,0.0,HTKEQPYKCEKCGKAFKWSSTLTKHKRIHNGEKPYKCEECGKAFNRSSTLNRHKITHTGGKPYKYKECGKAFNQSSTLTIHKIIHTVEKFYK,75,92
800,0.0,HTGGKPYKYKECGKAFNQSSTLTIHKIIHTVEKFYKCEECGKAFSRISHLTTHKRIHTGEKPYKCEECGRAFNQSSTLTTHKRIHTGEKPYE,75,92
804,0.0,MTEESEETVLYIEHRYVCSECNQLYGSLEEVLMHQNSHVPQQHFELVGVADPGVTVATDTASGTGLYQTLVQE,76,73
805,0.0,QHFELVGVADPGVTVATDTASGTGLYQTLVQESQYQCLECGQLLMSPSQLLEHQELHLKMMAPQEAVPAEPSPKAPPLSSSTIHYECVDCKA,76,92
806,0.0,LEHQELHLKMMAPQEAVPAEPSPKAPPLSSSTIHYECVDCKALFASQELWLNHRQTHLRATPTKAPAPVVLGSPVVLGPPVGQARVAVEHSY,76,92
807,0.0,EHSYRKAEEGGEGATVPSAAATTTEVVTEVELLLYKCSECSQLFQLPADFLEHQATHFPAPVPESQEPALQQEVQASSPAEVPVSQPDPLPA,76,92
808,0.0,SYELRNGEAIGRDRRGRRARRNNSGEAGGAATQELFCSACDQLFLSPHQLQQHLRSHREGVFKCPLCSRVFPSPSSLDQHLGDHSSESHFLC,76,92
809,0.0,GGAATQELFCSACDQLFLSPHQLQQHLRSHREGVFKCPLCSRVFPSPSSLDQHLGDHSSESHFLCVDCGLAFGTEALLLAHRRAHTPNPLHS,76,92
810,0.0,SHREGVFKCPLCSRVFPSPSSLDQHLGDHSSESHFLCVDCGLAFGTEALLLAHRRAHTPNPLHSCPCGKTFVNLTKFLYHRRTHGVGGVPLP,76,92
815,0.0,HTGERPYRCGDCGKAFTQSSTLRQHRLVHAQHFPYRCQECGVRFHRPYRLLMHRYHHTGEYPYKCRECPRSFLLRRLLEVHQLVVHAGRQPH,76,92
816,0.0,HAQHFPYRCQECGVRFHRPYRLLMHRYHHTGEYPYKCRECPRSFLLRRLLEVHQLVVHAGRQPHRCPSCGAAFPSSLRLREHRCAAAAAQAP,76,92
817,0.0,RQPHRCPSCGAAFPSSLRLREHRCAAAAAQAPRRFECGTCGKKVGSAARLQAHEAAHAAAGPGEVLAKEPPAPRAPRATRAPVASPAALGST,76,92
818,0.0,APRAPRATRAPVASPAALGSTATASPAAPARRRGLECSECKKLFSTETSLQVHRRIHTGERPYPCPDCGKAFRQSTHLKDHRRLHTGERPFA,76,92
819,0.0,PARRRGLECSECKKLFSTETSLQVHRRIHTGERPYPCPDCGKAFRQSTHLKDHRRLHTGERPFACEVCGKAFAISMRLAEHRRIHTGERPYS,76,92
820,0.0,HTGERPYPCPDCGKAFRQSTHLKDHRRLHTGERPFACEVCGKAFAISMRLAEHRRIHTGERPYSCPDCGKSYRSFSNLWKHRKTHQQQHQAA,76,92
821,0.0,HTGERPFACEVCGKAFAISMRLAEHRRIHTGERPYSCPDCGKSYRSFSNLWKHRKTHQQQHQAAVRQQLAEAEAAVGLAVMETAVEALPLVE,76,92
822,0.0,IVKDEMISVEESSGNTDVNNLLGIHHKILNEQIFYICEECGKCFDQNEDFDQHQKTHNGEKVYGCKECGKAFSFRSHCIAHQRIHSGVKPYE,77,92
823,0.0,LNEQIFYICEECGKCFDQNEDFDQHQKTHNGEKVYGCKECGKAFSFRSHCIAHQRIHSGVKPYECQECAKAFVWKSNLIRHQRIHTGEKPFE,77,92
829,0.0,HTGDKPHECTDCGKSFFCKAHLIRHQRIHTGERPYKCNDCGKAFSQNSVLIKHQRRHARDKPYNCQISHLLEH,77,73
830,0.0,HIREKPYGCNEHGKVFRVSSSLTNRQVIHIADKTYKCSDCGEIFSSNSNFAQHQRIHTGEKPYKYNECGKVFNQNSHLAQHQKIHTGQKPYN,78,92
831,0.0,HTGQKPYNNKECGKVFSHHAYLAQHRKIHTGEKPYKCSECGKAFSVCSSLTAHLVIHTGEKPYDCKECGKVFRHKSSLTTHQTVHTGERPYK,78,92
832,0.0,HTGEKPYKCSECGKAFSVCSSLTAHLVIHTGEKPYDCKECGKVFRHKSSLTTHQTVHTGERPYKCNECGKGFSRIAFLARHRKVHTGEKPYK,78,92
833,0.0,HTGEKPYDCKECGKVFRHKSSLTTHQTVHTGERPYKCNECGKGFSRIAFLARHRKVHTGEKPYKCNECGKVFIGNSRLARHRKIHTGGRRYK,78,92
834,0.0,HTGERPYKCNECGKGFSRIAFLARHRKVHTGEKPYKCNECGKVFIGNSRLARHRKIHTGGRRYKCNECGKAFRTCSDLTAHLLIHTGEKPYE,78,92
835,0.0,HTGEKPYKCNECGKVFIGNSRLARHRKIHTGGRRYKCNECGKAFRTCSDLTAHLLIHTGEKPYECIDCGKVFRHKSSLTYHCRIHTGEKPYK,78,92
841,0.0,HTGEKPHSCNECGKVFSRNSHLARHRKIHTGEKLYKCNECSKVFSRNSRLAQHRNIHTGVKPYSCNECGKVFSKNSILVQHCSIHTREKP,78,90
842,0.0,HTGEKLYKCNECSKVFSRNSRLAQHRNIHTGVKPYSCNECGKVFSKNSILVQHCSIHTREKP,78,62
849,0.0,LHTEEKPYKCNECGKTFNQQLTLNICRLHSGEKPYKCEECDKAYSFKSNLEIHQKIHTEENPYKCNECGKTFSRTSSLTYHHRLHTGQKPYK,79,92
850,0.0,HSGEKPYKCEECDKAYSFKSNLEIHQKIHTEENPYKCNECGKTFSRTSSLTYHHRLHTGQKPYKCEDCDEAFSFKSNLERHRRIYTGEKLHV,79,92
851,0.0,DLGHLAAAYKLEPGAPGALSGLALSGWGPMPEKPYGCGECERRFRDQLTLRLHQRLHRGEGPCACPDCGRSFTQRAHMLLHQRSHRGERPFP,80,92
852,0.0,PMPEKPYGCGECERRFRDQLTLRLHQRLHRGEGPCACPDCGRSFTQRAHMLLHQRSHRGERPFPCSECDKRFSKKAHLTRHLRTHTGERPYP,80,92
853,0.0,PMPEKPYGCGECERRFRDQLTLRLHQRLHRGEGPCACPDCGRSFTQRAHMLLHQRSHRGERPFPCSECDKRFSKKAHLTRHLRTHTGERPYP,80,92
858,0.0,VHQTAGPARPSPDSSASPHSTAPSPTPSFPGPKPFACSDCGLSFGWKKNLATHQCLHRSEGRPFGCDECALGATVDAPAAKPLASAPGGPGC,80,92
859,0.0,APAAKPLASAPGGPGCGPGSDPVVPQRAPSGERSFFCPDCGRGFSHGQHLARHPRVHTGERPFACTQCDRRFGSRPNLVAHSRAHSGARPFA,80,92
860,0.0,PSGERSFFCPDCGRGFSHGQHLARHPRVHTGERPFACTQCDRRFGSRPNLVAHSRAHSGARPFACAQCGRRFSRKSHLGRHQAVHTGSRPHA,80,92
861,0.0,HTGERPFACTQCDRRFGSRPNLVAHSRAHSGARPFACAQCGRRFSRKSHLGRHQAVHTGSRPHACAVCARSFSSKTNLVRHQAIHTGSRPFS,80,92
862,0.0,HSGARPFACAQCGRRFSRKSHLGRHQAVHTGSRPHACAVCARSFSSKTNLVRHQAIHTGSRPFSCPQCGKSFSRKTHLVRHQLIHGEAAHAA,80,92
863,0.0,HTGSRPHACAVCARSFSSKTNLVRHQAIHTGSRPFSCPQCGKSFSRKTHLVRHQLIHGEAAHAAPDAALAAPAWSAPPEVAPPPLFF,80,87
871,0.0,KRGKKSYEGKNFENIFTLSSSLNENQRNLPGEKQYRCTECGKCFKRNSSLVLHHRTHTGEKPYTCNECGKSFSKNYNLIVHQRIHTGEKPYE,82,92
879,0.0,HSGEKPYECKECGKTFIESAYLIRHQRIHTGEKPYGCNQCQKLFRNIAGLIRHQRTHTGEKPYECNQCGKAFRDSSCLTKHQRIHTKETPYQ,82,92
880,0.0,HTGEKPYGCNQCQKLFRNIAGLIRHQRTHTGEKPYECNQCGKAFRDSSCLTKHQRIHTKETPYQCPECGKSFKQNSHLAVHQRLHSREGPSR,82,92
881,0.0,HTGEKPYECNQCGKAFRDSSCLTKHQRIHTKETPYQCPECGKSFKQNSHLAVHQRLHSREGPSRCPQCGKMFQKSSSLVRHQRAHLGEQPME,82,92
882,0.0,HTKETPYQCPECGKSFKQNSHLAVHQRLHSREGPSRCPQCGKMFQKSSSLVRHQRAHLGEQPMET,82,65
883,0.0,LTQSKMYHCDIYVKVFYAFSNADRYKTRHTGKKPFQCKKCGKSFCMLSQLTQHKKIHIRENTYRCKEFGNAFNQSSALTNHKRIYVGEKHYR,83,92
884,0.0,HIRENTYRCKEFGNAFNQSSALTNHKRIYVGEKHYRCEECGKAFNHYSTLTNHKRIHTGEKPYKCKECGKAFSRYSTLTTHKRIHSGEKPYK,83,92
885,0.0,YVGEKHYRCEECGKAFNHYSTLTNHKRIHTGEKPYKCKECGKAFSRYSTLTTHKRIHSGEKPYKCDECGKTFSISSTFTKHKIIHTEEKPYK,83,92
886,0.0,HTGEKPYKCKECGKAFSRYSTLTTHKRIHSGEKPYKCDECGKTFSISSTFTKHKIIHTEEKPYKCKECGKAFNRSSTLTSHKRIHTGEKPYK,83,92
887,0.0,HSGEKPYKCDECGKTFSISSTFTKHKIIHTEEKPYKCKECGKAFNRSSTLTSHKRIHTGEKPYKCEECGKAFNWSSTLTKHKVIHTGEKPYK,83,92
888,0.0,HTGEKPYKCEECGKAFNWSSTLTKHKVIHTGEKPYKCEECGKAFNQSSRLTRHKKIHTGEEPYKFEKCGRVFTCSSTLTQDKKIHTGEKPYN,83,92
896,0.0,HSGEKPYKCEECGKAFNRSSRLTQHKKIHTREKPYKCEECAKAFTRSSRLTQHKKIHRMGVVAHACNPSTLGGRGGRITRSGDRDRPG,83,88
902,0.0,HTGDKSYECIACGKAFGRSSILIEHQRIHTGEKPYECNECGKSFNQSSALTQHQRIHTGEKPYECSECRKTFRHRSGLMQHQRTHTRV,84,88
903,0.0,HTGEKPYECNECGKSFNQSSALTQHQRIHTGEKPYECSECRKTFRHRSGLMQHQRTHTRV,84,60
904,0.0,LPPCVKNICNKYRKILKYPLLHTQYGRTHIREKSYKCNDCGKAFSKSSNLTNHQRIHSGQRPYKCNECGKAFNQCSNLTRHQRVHTGEKPYQ,85,92
905,0.0,HIREKSYKCNDCGKAFSKSSNLTNHQRIHSGQRPYKCNECGKAFNQCSNLTRHQRVHTGEKPYQCNICGKVCSQNSNLASHQRMHTGEKPYK,85,92
906,0.0,HSGQRPYKCNECGKAFNQCSNLTRHQRVHTGEKPYQCNICGKVCSQNSNLASHQRMHTGEKPYKCNECGKAFIQRSHLWGHERIHTGEKPYK,85,92
914,0.0,CHGAEDEEAPLEPGVSVGVSQVMAPKPCLSTQNTQPCETCSSLLKDILRLAEHDGTHPEQGLYTCPAHLHQHQKEQIREKLSRGDGGRPTFV,86,92
915,0.0,HQHQKEQIREKLSRGDGGRPTFVKNHRVHMAGKTFLCSECGKAFSHKHKLSDHQKIHTGERTYKCSKCGILFMERSTLNRHQRTHTGERPYE,86,92
916,0.0,HMAGKTFLCSECGKAFSHKHKLSDHQKIHTGERTYKCSKCGILFMERSTLNRHQRTHTGERPYECNECGKAFLCKSHLVRHQTIHSGERPYE,86,92
917,0.0,HTGERTYKCSKCGILFMERSTLNRHQRTHTGERPYECNECGKAFLCKSHLVRHQTIHSGERPYECSECGKLFMWSSTLITHQRVHTGKRPYG,86,92
918,0.0,HTGERPYECNECGKAFLCKSHLVRHQTIHSGERPYECSECGKLFMWSSTLITHQRVHTGKRPYGCSECGKFFKCNSNLFRHYRIHTGKRSYG,86,92
928,0.0,HTGEKPYQCEECGKSFNNSSHFSAHRRIHTGERPHVCPDCGKSFSKSSDLRAHHRTHTGEKPYGCHDCGKCFSKSSALNKHGEIHAREKLLT,87,92
929,0.0,HTGERPHVCPDCGKSFSKSSDLRAHHRTHTGEKPYGCHDCGKCFSKSSALNKHGEIHAREKLLTQSAPK,87,69
930,0.0,LQLRKGCKRVNECKVQKGVNNGVYQCLSTTQSKIFQCNTCVKVFSKFSNSNKHKIRHTGEKPFKCTECGRSFYMSHLTQHTGIHAGEKPYKC,88,92
931,0.0,RHTGEKPFKCTECGRSFYMSHLTQHTGIHAGEKPYKCEKCGKAFNRSTSLSKHKRIHTGEKPYTCEECGKAFRRSTVLNEHKKIHTGEKPYK,88,92
932,0.0,HAGEKPYKCEKCGKAFNRSTSLSKHKRIHTGEKPYTCEECGKAFRRSTVLNEHKKIHTGEKPYKCEECGKAFTRSTTLNEHKKIHTGEKPYK,88,92
934,0.0,HTGEKPYKCEECGKAFTRSTTLNEHKKIHTGEKPYKCKECGKAFRWSTSLNEHKNIHTGEKPYKCKECGKAFRQSRSLNEHKNIHTGEKPYT,88,92
935,0.0,HTGEKPYKCKECGKAFRWSTSLNEHKNIHTGEKPYKCKECGKAFRQSRSLNEHKNIHTGEKPYTCEKCGKAFNQSSSLIIHRSIHSEQKLYK,88,92
936,0.0,HTGEKPYKCKECGKAFRQSRSLNEHKNIHTGEKPYTCEKCGKAFNQSSSLIIHRSIHSEQKLYKCEECGKAFTWSSSLNKHKRIHTGEKPYT,88,92
940,0.0,HSGQKPYKCEECGKAFTRSTTLNEHKKIHTGEKPYKCEECGKAFIWSASLNEHKNIHTGEKPYKCKECGKAFNQSSGLIIHRSIHSEQKLYK,88,92
941,0.0,HTGEKPYKCEECGKAFIWSASLNEHKNIHTGEKPYKCKECGKAFNQSSGLIIHRSIHSEQKLYKCEECGKAFTRSTALNEHKKIHSGEKPYK,88,92
942,0.0,HTGEKPYKCKECGKAFNQSSGLIIHRSIHSEQKLYKCEECGKAFTRSTALNEHKKIHSGEKPYKCKECGKAYNLSSTLTKHKRIHTGEKPFT,88,92
943,0.0,HSEQKLYKCEECGKAFTRSTALNEHKKIHSGEKPYKCKECGKAYNLSSTLTKHKRIHTGEKPFTCEECGKAFNWSSSLTKHKIIHTGEKSYK,88,92
944,0.0,HSGEKPYKCKECGKAYNLSSTLTKHKRIHTGEKPFTCEECGKAFNWSSSLTKHKIIHTGEKSYKCEECGKAFNRPSTLTVHKRIHTGKEHS,88,91
945,0.0,HTGEKPFTCEECGKAFNWSSSLTKHKIIHTGEKSYKCEECGKAFNRPSTLTVHKRIHTGKEHS,88,63
946,0.0,TTQSNIFQCDPSAKVFHTFSNSNRHKIRHTRKKPFKCKKCEKSFCMLLHLTQHKRFHITENSYQCKDCGKAFNWFSTLTTHRRIHTGEKPYK,89,92
952,0.0,HAGEKPYKCEECGKAFYRFSYLTKHKTSHTGEKFYKCEECGKGFNWSSALTKHKRIHTGEKPYKCEECGKAFNESSNLTTHKMIHTGEKPYK,89,92
953,0.0,HTGEKFYKCEECGKGFNWSSALTKHKRIHTGEKPYKCEECGKAFNESSNLTTHKMIHTGEKPYKCDECGKAFNRSSQLTAHKMIHTGEKPYK,89,92
954,0.0,HTGEKPYKCEECGKAFNESSNLTTHKMIHTGEKPYKCDECGKAFNRSSQLTAHKMIHTGEKPYKCEECGKAFNRSSTLTKHKITHTGEKSYK,89,92
955,0.0,HTGEKPYKCDECGKAFNRSSQLTAHKMIHTGEKPYKCEECGKAFNRSSTLTKHKITHTGEKSYKWEECGKDFNQSLSLIKQNNSYWRETLQM,89,92
956,0.0,ERLCGRKEGNEHRETFSQIPDCHLNKKSQTGVKPCKCSVCGKVFLRHSFLDRHMRAHAGHKRSECGGEWRETPRKQKQHGKASISPSSGARR,90,92
957,0.0,ERLCGRKEGNEHRETFSQIPDCHLNKKSQTGVKPCKCSVCGKVFLRHSFLDRHMRAHAGHKRSECGGEWRETPRKQKQHGKASISPSSGARR,90,92
958,0.0,EWRETPRKQKQHGKASISPSSGARRTVTPTRKRPYECKVCGKAFNSPNLFQIHQRTHTGKRSYKCREIVRAFTVSSFFRKHGKMHTGEKRYE,90,92
959,0.0,HTGKRSYKCREIVRAFTVSSFFRKHGKMHTGEKRYECKYCGKPIDYPSLFQIHVRTHTGEKPYKCKQCGKAFISAGYLRTHEIRSHALEKSH,90,92
960,0.0,HTGEKRYECKYCGKPIDYPSLFQIHVRTHTGEKPYKCKQCGKAFISAGYLRTHEIRSHALEKSHQCQECGKKLSCSSSLHRHERTHSGGKLY,90,92
965,0.0,HSGEKPYECTRCGKAFGWCSSLRRHEMTHTGEKPFDCKQCGKVFTFSNYLRLHERTHLAGRSQCFGRRQGDHLSPGV,90,77
966,0.0,GYFSSVKMPSEKVSSYQKRTSVTPHQRLHFVDKPYECKECGKAFRVRQQLTFHHRIHTGEKPYECKECGMAFRQTAHLTRHQRLHSGEKLYE,91,92
967,0.0,HFVDKPYECKECGKAFRVRQQLTFHHRIHTGEKPYECKECGMAFRQTAHLTRHQRLHSGEKLYECKECGEAFICGADLRVHQKMHIGEKPYE,91,92
968,0.0,HTGEKPYECKECGMAFRQTAHLTRHQRLHSGEKLYECKECGEAFICGADLRVHQKMHIGEKPYECKECGKAFRVRGQLTLHQRIHTGEKPYV,91,92
969,0.0,HSGEKLYECKECGEAFICGADLRVHQKMHIGEKPYECKECGKAFRVRGQLTLHQRIHTGEKPYVCKECGKAFRQYAHLTRHQKLNSADRLYE,91,92
970,0.0,HTGEKPYVCKECGKAFRQYAHLTRHQKLNSADRLYECKECGKAFLCGSGLRVHHKLHTGEKPYECKECGKAFRVRQQLTLHQRIHTGEKPYE,91,92
988,0.0,HTGEKPYECNECGKSFSQKTNLNLHQRIHTGEKPYVCNECGKSFRQKATLTVHQKIHTGQKSYECPQCGKAFSRKSYLIHHQRTHTGEKPYK,92,92
989,0.0,HTGEKPYVCNECGKSFRQKATLTVHQKIHTGQKSYECPQCGKAFSRKSYLIHHQRTHTGEKPYKCSECGKCFRQKTNLIVHQRTHTGEKPYV,92,92
990,0.0,HTGQKSYECPQCGKAFSRKSYLIHHQRTHTGEKPYKCSECGKCFRQKTNLIVHQRTHTGEKPYVCNECGKSFSYKRNLIVHQRTHKGENIEM,92,92
991,0.0,HTGEKPYKCSECGKCFRQKTNLIVHQRTHTGEKPYVCNECGKSFSYKRNLIVHQRTHKGENIEMQ,92,65
997,0.0,HTGEKPYKCEECDEAFRFKSSLERHRRIHNGEKLYKCNECGKTFSQELSLTCHCRLHSGEKPCKCGECDKAYSFK,93,75
998,0.0,GYFSQMIISYEKIPSYRKSKSLTPHQRIHNTEKSYVCKECGKACSHGSKLVQHERTHTAEKHFECKECGKNYLSAYQLNVHQRFHTGEKPYE,94,92
999,0.0,HNTEKSYVCKECGKACSHGSKLVQHERTHTAEKHFECKECGKNYLSAYQLNVHQRFHTGEKPYECKECGKTFSWGSSLVKHERIHTGEKPYE,94,92
1006,0.0,HTGEKPYECKECGKAFSRGYHLSQHQKIHTGEKPFECKECGKAFSWGSSLVKHERVHTGEKSHECKECGKTFCSGYQLTRHQVFHTGEKPYE,94,92
1007,0.0,HTGEKPFECKECGKAFSWGSSLVKHERVHTGEKSHECKECGKTFCSGYQLTRHQVFHTGEKPYECKECGKAFNCGSSLVQHERIHTGEKPYE,94,92
1008,0.0,HTGEKSHECKECGKTFCSGYQLTRHQVFHTGEKPYECKECGKAFNCGSSLVQHERIHTGEKPYECKECGKAFSRGYHLTQHQKIHTGEKPFK,94,92
1010,0.0,HTGEKPYECKECGKAFSRGYHLTQHQKIHTGEKPFKCKECGKAFSWGSSLVKHERVHTNEKSYECKDCGKAFGSGYQLSVHQRFHTGEKLYQ,94,92
1011,0.0,HTGEKPFKCKECGKAFSWGSSLVKHERVHTNEKSYECKDCGKAFGSGYQLSVHQRFHTGEKLYQRKEFGKTFTCGSKLVHERTHSNDKPYKY,94,92
1012,0.0,HMREKSFQCNKSGKAFNCSSLLRKHQIPHLGDKQYKCDVCGKLFNHEQYLACHDRCHTVEKPYKCKECGKTFSQESSLTCHRRLHTGVKRYN,95,92
1013,0.0,HLGDKQYKCDVCGKLFNHEQYLACHDRCHTVEKPYKCKECGKTFSQESSLTCHRRLHTGVKRYNCNECGKIFGQNSALLIDKAIDTGENPYK,95,92
1014,0.0,IDTGENPYKCNECDKAFNQQSQLSHHRIHTGEKPYKCEECDKVFSRKSTIETHKRIHTGEKPYRCKVCDTAFTWHSQLARHRRIHTAKKTYK,95,92
1015,0.0,HTGEKPYKCEECDKVFSRKSTIETHKRIHTGEKPYRCKVCDTAFTWHSQLARHRRIHTAKKTYKCNECGKTFSHKSSLVCHHRLHGGEKSYK,95,92
1016,0.0,HTGEKPYRCKVCDTAFTWHSQLARHRRIHTAKKTYKCNECGKTFSHKSSLVCHHRLHGGEKSYKCKVCDKAFVWSSQLAKHTRIDCGEKPYK,95,92
1017,0.0,HGGEKSYKCKVCDKAFVWSSQLAKHTRIDCGEKPYKCNECGKTFGQNSDLLIHKSIHTGEQPYKCDECEKVFSRKSSLETHKIGHTGEKPYK,95,92
1018,0.0,DCGEKPYKCNECGKTFGQNSDLLIHKSIHTGEQPYKCDECEKVFSRKSSLETHKIGHTGEKPYKCKVCDKAFACHSYLAKHTRIHSGEKPYK,95,92
1025,0.0,PGPACQLCGGPTGEGPCCGAGGPGGGPLLPPRLLYSCRLCTFVSHYSSHLKRHMQTHSGEKPFRCGRCPYASAQLVNLTRHTRTHTGEKPYR,96,92
1026,0.0,LPPRLLYSCRLCTFVSHYSSHLKRHMQTHSGEKPFRCGRCPYASAQLVNLTRHTRTHTGEKPYRCPHCPFACSSLGNLRRHQRTHAGPPTPP,96,92
1027,0.0,HSGEKPFRCGRCPYASAQLVNLTRHTRTHTGEKPYRCPHCPFACSSLGNLRRHQRTHAGPPTPPCPTCGFRCCTPRPARPPSPTEQEGAVPR,96,92
1033,0.0,HPNTPSQECDESGSTMSSSLHSDQSQGFQPSKNAFECSECGKVFSKSSTLNKHQKIHNEKNANQKIHIKEKRYECRECGKAFHQSTHLIHHQ,97,92
1034,0.0,ECGKVFSKSSTLNKHQKIHNEKNANQKIHIKEKRYECRECGKAFHQSTHLIHHQRIHTGEKPYECKECGKAFSVSSSLTYHQKIHTGEKPFE,97,92
1035,0.0,HIKEKRYECRECGKAFHQSTHLIHHQRIHTGEKPYECKECGKAFSVSSSLTYHQKIHTGEKPFECNLCGKAFIRNIHLAHHHRIHTGEKPFK,97,92
1045,0.0,RGKSYEYECSEDGEVFRVRASLTNHQVIHTAEKPYKCTECGKVFSRNSHLVEHWRIHTGQKPYKCSECDKVFNRNSNLARHQRIHTGEKPHK,98,92
1046,0.0,HTAEKPYKCTECGKVFSRNSHLVEHWRIHTGQKPYKCSECDKVFNRNSNLARHQRIHTGEKPHKCNECGKAFRECSGLTTHLVIHTGEKPYK,98,92
1047,0.0,HTGQKPYKCSECDKVFNRNSNLARHQRIHTGEKPHKCNECGKAFRECSGLTTHLVIHTGEKPYKCNECGKNFRHKFSLTNHQRSHTAEKPYK,98,92
1048,0.0,HTGEKPHKCNECGKAFRECSGLTTHLVIHTGEKPYKCNECGKNFRHKFSLTNHQRSHTAEKPYKCNECGKVFSLLSYLARHQIIHSTEKPYK,98,92
1049,0.0,HTGEKPYKCNECGKNFRHKFSLTNHQRSHTAEKPYKCNECGKVFSLLSYLARHQIIHSTEKPYKCNECGRAFHKRPGLMAHLLIHTGEKPYK,98,92
1053,0.0,GHFSQEIFTPEYMPTFIQQTFLTLHQIINNEDRPYECKKCGKAFSQNSQFIQHQRIHIGEKSYECKECGKFFSCGSHVTRHLKIHTGEKPFE,99,92
1059,0.0,HTGEKPYECKECGKAFTQSSKLVQHQRIHTGEKPYECKECGKAFSSGSALTNHQRIHTGEKPYDCKECGKAFTQSSQLRQHQRIHAGEKPFE,99,92
1060,0.0,HTGEKPYECKECGKAFSSGSALTNHQRIHTGEKPYDCKECGKAFTQSSQLRQHQRIHAGEKPFECLECGKAFTQNSQLFQHQRIHTDEKPYE,99,92
1061,0.0,HTGEKPYDCKECGKAFTQSSQLRQHQRIHAGEKPFECLECGKAFTQNSQLFQHQRIHTDEKPYECNECGKAFNKCSNLTRHLRIHTGEKPYN,99,92
1062,0.0,HAGEKPFECLECGKAFTQNSQLFQHQRIHTDEKPYECNECGKAFNKCSNLTRHLRIHTGEKPYNCKECGKAFSSGSDLIRHQGIHTNK,99,88
1063,0.0,DDCRPGTPPSDLIEIQVVKVTDTTLVPEPPEPGSFHCALCPAAFRLVSELLFHEHGHLAGAEGGGQGGDPSRCHVCGHSCPGPASLRAHYSL,100,92
1064,0.0,CALCPAAFRLVSELLFHEHGHLAGAEGGGQGGDPSRCHVCGHSCPGPASLRAHYSLHTGERPYRCALCPRAFKALAPLLRHQHRHGVEPGTS,100,92
1065,0.0,GQGGDPSRCHVCGHSCPGPASLRAHYSLHTGERPYRCALCPRAFKALAPLLRHQHRHGVEPGTSRRPPDTAAVAEQRPGVAPERAEVVMAAA,100,92
1076,0.0,TTQSKIFQCDKYVKVFHKFSNSNSHKKRNTGKKVFKCKECGKSFCMLSHLTQHIRIHTRENSYKCEECGKVLNWFSELIKHKGIHMGEKPYK,102,92
1077,0.0,NTGKKVFKCKECGKSFCMLSHLTQHIRIHTRENSYKCEECGKVLNWFSELIKHKGIHMGEKPYKCEECGKAFNQSSTLIKHKKIHIEEKPFK,102,92
1084,0.0,HTRENTYKCEECGKGFTLFSTLTNHKVIHTGEKSYKCDECGNVFNWPATLANHKRIHAREKPYKCEECGKAFNRSSHLTRHKKIHTGEKLYK,102,92
1086,0.0,DDSEEKVHNRDSIKNFQKSSVVIKQTGIYAGKKLFKCNECKKTFTQSSSLTVHQRIHTGEKPYKCNECGKAFSDGSSFARHQRCHTGKKPYE,103,92
1098,0.0,HTGQRPYECIECGKAFKTKSSLICHRRSHTGEKPYECSVCGKAFSHRQSLSVHQRIHSGKKPYECKECRKTFIQIGHLNQHKRVHTGERSYN,103,92
1099,0.0,HTGEKPYECSVCGKAFSHRQSLSVHQRIHSGKKPYECKECRKTFIQIGHLNQHKRVHTGERSYNYKKSRKVFRQTAHLAHHQRIHTGESSTC,103,92
1100,0.0,HTGKKRYECKECGKTFSSRRNLRRHMVVQGGNRPYKCKLCGKAFFWPSLLRMHERTHTGEKPYECKQCSKAFPFYSSYRRHERMHTGEKPYE,104,92
1101,0.0,QGGNRPYKCKLCGKAFFWPSLLRMHERTHTGEKPYECKQCSKAFPFYSSYRRHERMHTGEKPYECKQCSKALPDSSSYIRHERTHTGEKPYT,104,92
1102,0.0,HTGEKPYECKQCSKAFPFYSSYRRHERMHTGEKPYECKQCSKALPDSSSYIRHERTHTGEKPYTCKQCGKAFSVSSSLRRHETTHSAEKPYE,104,92
1103,0.0,HTGEKPYECKQCSKALPDSSSYIRHERTHTGEKPYTCKQCGKAFSVSSSLRRHETTHSAEKPYECKQCGKTFHHLGSFQIHMKRHTGDRPHK,104,92
1110,0.0,SATSGLLQHQASLSSMKPHKSTKLVSGFLMGQRYHRCGECGKAFTRKDTLARHQRIHTGERPYECNECGKFFSQSYDLFKHQTVHTGERPYE,105,92
1111,0.0,LMGQRYHRCGECGKAFTRKDTLARHQRIHTGERPYECNECGKFFSQSYDLFKHQTVHTGERPYECSECGKFFRQISGLIEHRRVHTGERLYQ,105,92
1112,0.0,HTGERPYECNECGKFFSQSYDLFKHQTVHTGERPYECSECGKFFRQISGLIEHRRVHTGERLYQCGKCGKFFSSKSNLIRHQEVHTGARPYV,105,92
1117,0.0,RIHSSDYECSRCGKAFSCISKLIQHQKVHSGEKPYECSKCGKAFTQRPNLIRHWKVHTGERPYVCSECGREFIRKQTLVLHQRVHAGEKL,105,90
1118,0.0,HSGEKPYECSKCGKAFTQRPNLIRHWKVHTGERPYVCSECGREFIRKQTLVLHQRVHAGEKL,105,62
1119,0.0,INTGEKSVKYKERGKAFTRGLHLGHQKIHTGEKPYKCKKCDKAFNKSSHLAQHQRIHTGEKPFKCKECGKAFNRGSYLTQHQRIHTGERAFK,106,92
1125,0.0,HTGEKHFKCKECGKAFNRGSHLTRHQRIHTGEKSFKCEECGKAFIWGSHLTQHQRVHTGEKFFKCKECGKAFTRSSHLTQHQRIHTGEKPFK,106,92
1126,0.0,HTGEKSFKCEECGKAFIWGSHLTQHQRVHTGEKFFKCKECGKAFTRSSHLTQHQRIHTGEKPFKCKECGKAFNRRSTLTQHQIIHTR,106,87
1127,0.0,HTGEKFFKCKECGKAFTRSSHLTQHQRIHTGEKPFKCKECGKAFNRRSTLTQHQIIHTR,106,59
1128,0.0,STEESLHQWETSNIQTNDISDQSKCPTLCTQKKSWKCNECGKTFTQSSSLTQHQRTHTGERPYTCEECGKAFSRSSFLVQHQRIHTGVKPYG,107,92
1129,0.0,CTQKKSWKCNECGKTFTQSSSLTQHQRTHTGERPYTCEECGKAFSRSSFLVQHQRIHTGVKPYGCEQCGKTFRCRSFLTQHQRIHTGEKPYK,107,92
1130,0.0,HTGERPYTCEECGKAFSRSSFLVQHQRIHTGVKPYGCEQCGKTFRCRSFLTQHQRIHTGEKPYKCNECGNSFRNHSHLTEHQRIHTGEKPYK,107,92
1131,0.0,HTGVKPYGCEQCGKTFRCRSFLTQHQRIHTGEKPYKCNECGNSFRNHSHLTEHQRIHTGEKPYKCNRCGKAFNQNTHLIHHQRIHTGEKPYI,107,92
1141,0.0,HTGEKLYKCSECEKTFRKYAHLSEHYRIHTGEKPYECIECGKFFRHSSVLFRHQKLHSGD,107,60
1142,0.0,HTKCKSYGSHLFDYAFIQNSALRPHSVTHTREITLECRVCGKTFSKNSNLRRHEMIHTGEKPHGCHLCGKAFTHCSDLRKHERTHTGEKPYG,108,92
1148,0.0,HNGEKPYECHLCGKAFSHCSHLRQHERSHNGEKPHGCHLCGKAFTESSVLKRHERIHTGEKPYECHVCGKAFTESSDLRRHERTHTGEKPYE,108,92
1149,0.0,HNGEKPHGCHLCGKAFTESSVLKRHERIHTGEKPYECHVCGKAFTESSDLRRHERTHTGEKPYECHLCGKAFNHSSVLRRHERTHTGEKPYE,108,92
1150,0.0,HTGEKPYECHVCGKAFTESSDLRRHERTHTGEKPYECHLCGKAFNHSSVLRRHERTHTGEKPYECNICGKAFNRSYNFRLHRRVHTGEKPYV,108,92
1151,0.0,HTGEKPYECHLCGKAFNHSSVLRRHERTHTGEKPYECNICGKAFNRSYNFRLHRRVHTGEKPYVCPLCGKAFSKFFNLRQHERTHTKKAMNM,108,92
1152,0.0,HTGEKPYECNICGKAFNRSYNFRLHRRVHTGEKPYVCPLCGKAFSKFFNLRQHERTHTKKAMNM,108,64
1160,0.0,HTGEKPYKCEECGKAFNRSSKLTEHKKLHTGKKPYKCEECGKAFIQSSKLTEHKKIHSGEIPYKCEECGKAFKHSSSLTTHKRIHTGEKPYK,109,92
1161,0.0,HTGKKPYKCEECGKAFIQSSKLTEHKKIHSGEIPYKCEECGKAFKHSSSLTTHKRIHTGEKPYKCEECGKAFSRSSKLTEHKIIHTGEKPYK,109,92
1162,0.0,HSGEIPYKCEECGKAFKHSSSLTTHKRIHTGEKPYKCEECGKAFSRSSKLTEHKIIHTGEKPYKCERCDKAFNQSANLTKHKKIHTGEKLQN,109,92
1163,0.0,HTGEKPYKCEECGKAFSRSSKLTEHKIIHTGEKPYKCERCDKAFNQSANLTKHKKIHTGEKLQNWNV,109,67
1164,0.0,LSRRKTPMCEKCRKDSCQEAALNKDEGNESGEKTHKCSKCGKAFGYSASLTKHRRIHTGEKPYMCNECGKAFSDSSSLTPHHRTHSGEKPFK,110,92
1165,0.0,ESGEKTHKCSKCGKAFGYSASLTKHRRIHTGEKPYMCNECGKAFSDSSSLTPHHRTHSGEKPFKCDDCGKGFTLSAHLIKHQRIHTGEKPYK,110,92
1171,0.0,HTGEKPYLCNDCGMTFSHFTSVIYHQRLHSGEKPYKCNQCEKAFPTHSLLSRHQRIHTGVKPYKCKECGKSFSQSSSLNEHHRIHTGEKPYE,110,92
1172,0.0,HSGEKPYKCNQCEKAFPTHSLLSRHQRIHTGVKPYKCKECGKSFSQSSSLNEHHRIHTGEKPYECNYCGATFSRSSILVEHLKIHTGRREYE,110,92
1173,0.0,HTGVKPYKCKECGKSFSQSSSLNEHHRIHTGEKPYECNYCGATFSRSSILVEHLKIHTGRREYECNECEKTFKSNSGLIRHRGFHSAE,110,88
1174,0.0,HTGEKPYECNYCGATFSRSSILVEHLKIHTGRREYECNECEKTFKSNSGLIRHRGFHSAE,110,60
1175,0.0,CGSEDEEAPSKKSISIQRVSQVSTPGAGVSPKKAHSCEMCGAILGDILHLADHQGTHHKQKLHRCEAWGNKLYDSSNRPHQNQYLGEKPYRS,111,92
1176,0.0,FQWGDTHYSCGECMKHSSTKHVFVQQQRLPSREECYCWECGKSFSKYDSVSNHQRVHTGKRPYECGECGKSFSHKGSLVQHQRVHTGKRPYE,111,92
1177,0.0,FQWGDTHYSCGECMKHSSTKHVFVQQQRLPSREECYCWECGKSFSKYDSVSNHQRVHTGKRPYECGECGKSFSHKGSLVQHQRVHTGKRPYE,111,92
1178,0.0,LPSREECYCWECGKSFSKYDSVSNHQRVHTGKRPYECGECGKSFSHKGSLVQHQRVHTGKRPYECGECGKSFSHKGSLVQHQRVHTGERPYE,111,92
1179,0.0,HTGKRPYECGECGKSFSHKGSLVQHQRVHTGKRPYECGECGKSFSHKGSLVQHQRVHTGERPYECGECGKSFSQNGTLIKHQRVHTGERPYE,111,92
1184,0.0,HTRERPYECGECGKSFSRKGHLRNHQRGHTGERPYECGECGKSFSRKGNLIQHQRSHTGERPYECRECRKLFRGKSHLIEHQRVHTGERPYE,111,92
1185,0.0,HTGERPYECGECGKSFSRKGNLIQHQRSHTGERPYECRECRKLFRGKSHLIEHQRVHTGERPYECNECGKSFQDSSGFRVHQRVHTGEKPFE,111,92
1186,0.0,HTGERPYECRECRKLFRGKSHLIEHQRVHTGERPYECNECGKSFQDSSGFRVHQRVHTGEKPFECSECGKSFPQSCSLLRHRRVHTGERPYE,111,92
1187,0.0,HTGERPYECNECGKSFQDSSGFRVHQRVHTGEKPFECSECGKSFPQSCSLLRHRRVHTGERPYECGECGKSFHQSSSLLRHQKTHTAERPYE,111,92
1188,0.0,HTGEKPFECSECGKSFPQSCSLLRHRRVHTGERPYECGECGKSFHQSSSLLRHQKTHTAERPYECRECGKFFSSLLEHRRVHTGERPYECRE,111,92
1189,0.0,QKTHTAERPYECRECGKFFSSLLEHRRVHTGERPYECRECGKTFTRRSAHFKHQRLHTRGKPYECSECGKSFAETFSLTEHRRVHTGERPYE,111,92
1190,0.0,HTGERPYECRECGKTFTRRSAHFKHQRLHTRGKPYECSECGKSFAETFSLTEHRRVHTGERPYECSECGKSFHRSSSLLRHQRVHTERSPYK,111,92
1191,0.0,HTRGKPYECSECGKSFAETFSLTEHRRVHTGERPYECSECGKSFHRSSSLLRHQRVHTERSPYK,111,64
1195,0.0,PYSCNFCEKSFRQLSHLQQHTRIHSKMHTETIKPHKCPHCSKTFANTSYLAQHLRIHSGAKPYNCSYCQKAFRQLSHLQQHTRIHTGDRPYK,112,92
1196,0.0,TETIKPHKCPHCSKTFANTSYLAQHLRIHSGAKPYNCSYCQKAFRQLSHLQQHTRIHTGDRPYKCAHPGCEKAFTQLSNLQSHRRQHNKDKP,112,92
1197,0.0,GAKPYNCSYCQKAFRQLSHLQQHTRIHTGDRPYKCAHPGCEKAFTQLSNLQSHRRQHNKDKPFKCHNCHRAYTDAASLEVHLSTHTVKHAKV,112,92
1198,0.0,GDRPYKCAHPGCEKAFTQLSNLQSHRRQHNKDKPFKCHNCHRAYTDAASLEVHLSTHTVKHAKVYTCTICSRAYTSETYLMKHMRKHNPPDL,112,92
1199,0.0,KDKPFKCHNCHRAYTDAASLEVHLSTHTVKHAKVYTCTICSRAYTSETYLMKHMRKHNPPDLQQQVQAAAAAAAVAQAQAQAQAQAQAQAQA,112,92
1203,0.0,HAEEKPYKCNECGKGFSHKSSLANHWRIYTGEKPYKCDECGKAFYRIALLVRHQKIHTGEKPYKCNECGKVFIQNSHLAQHWRIHTGEKPYK,113,92
1204,0.0,YTGEKPYKCDECGKAFYRIALLVRHQKIHTGEKPYKCNECGKVFIQNSHLAQHWRIHTGEKPYKCNECGKVFNQLSNLARHRRIHTGEKPYK,113,92
1205,0.0,HTGEKPYKCNECGKVFIQNSHLAQHWRIHTGEKPYKCNECGKVFNQLSNLARHRRIHTGEKPYKCNECGKAFSEYSGLSAHLVIHTGEKPYK,113,92
1206,0.0,HTGEKPYKCNECGKVFNQLSNLARHRRIHTGEKPYKCNECGKAFSEYSGLSAHLVIHTGEKPYKCSECGKAFRHKLSLTNHQRIHTGERPYK,113,92
1207,0.0,HTGEKPYKCNECGKAFSEYSGLSAHLVIHTGEKPYKCSECGKAFRHKLSLTNHQRIHTGERPYKCNECGKVFNRIAHLARHRKIHTGEKPYK,113,92
1208,0.0,HTGEKPYKCSECGKAFRHKLSLTNHQRIHTGERPYKCNECGKVFNRIAHLARHRKIHTGEKPYKCNECGKAFSRISYLAQHWTIHMG,113,87
1209,0.0,HTGERPYKCNECGKVFNRIAHLARHRKIHTGEKPYKCNECGKAFSRISYLAQHWTIHMG,113,59
1210,0.0,AESVSSLTIADAFIAAGESSAPTPPRPALPRRFICSFPDCSANYSKAWKLDAHLCKHTGERPFVCDYEGCGKAFIRDYHLSRHILTHTGEKP,114,92
1211,0.0,RRFICSFPDCSANYSKAWKLDAHLCKHTGERPFVCDYEGCGKAFIRDYHLSRHILTHTGEKPFVCAANGCDQKFNTKSNLKKHFERKHENQQ,114,92
1215,0.0,AKAHEGYVCQKGCSFVAKTWTELLKHVRETHKEEILCEVCRKTFKRKDYLKQHMKTHAPERDVCRCPREGCGRTYTTVFNLQSHILSFHEES,114,92
1216,0.0,KEEILCEVCRKTFKRKDYLKQHMKTHAPERDVCRCPREGCGRTYTTVFNLQSHILSFHEESRPFVCEHAGCGKTFAMKQSLTRHAVVHDPDK,114,92
1217,0.0,VCRCPREGCGRTYTTVFNLQSHILSFHEESRPFVCEHAGCGKTFAMKQSLTRHAVVHDPDKKKMKLKVKKSREKRSLASHLSGYIPPKRKQG,114,92
1218,0.0,NSKKKFCASKEYRKTFRHGSQFATHEIIHTIEKPYECKECGKSFRHPSRLTHHQKIHTGKKPFECKECGKTFICGSDLTRHHRIHTGEKPYE,115,92
1225,0.0,QRLCESKEDGQYGEVVSQIPNLDLNENISTGLKPCECSICGKVFVRHSLLNRHILAHSGYKPYGEKQYKCEQCGKFFVSVPGVRRHMIMHSG,116,92
1226,0.0,QRLCESKEDGQYGEVVSQIPNLDLNENISTGLKPCECSICGKVFVRHSLLNRHILAHSGYKPYGEKQYKCEQCGKFFVSVPGVRRHMIMHSG,116,92
1227,0.0,PCECSICGKVFVRHSLLNRHILAHSGYKPYGEKQYKCEQCGKFFVSVPGVRRHMIMHSGNPAYKCTICGKAFYFLNSVERHQRTHTGEKPYK,116,92
1228,0.0,PYGEKQYKCEQCGKFFVSVPGVRRHMIMHSGNPAYKCTICGKAFYFLNSVERHQRTHTGEKPYKCKQCGKAFTVSGSCLIHERTHTGEKPYE,116,92
1229,0.0,HSGNPAYKCTICGKAFYFLNSVERHQRTHTGEKPYKCKQCGKAFTVSGSCLIHERTHTGEKPYECKECGKTFRFSCSFKTHERTHTGERPYK,116,92
1235,0.0,DAKPTAFPCQVLTQRCGRRPGRRERRKQRAVELSFICGTCGKALSCHSRLLAHQTVHTGTKAFECPECGQTFRWASNLQRHQKNHTREKPFC,117,92
1241,0.0,HSGEKPYTCAECGKSFRWPKGFSIHRRLHLTKRFYECGHCGKGFRHLGFFTRHQRTHRHGEV,117,62
1242,0.0,CERQKAKEGNGCRKTFSRSTKQITFIRIHKGSQVCRCSECGKIFRNPRYFSVHKKIHTGERPYVCQDCGKGFVQSSSLTQHQRVHSGERPFE,118,92
1243,0.0,CERQKAKEGNGCRKTFSRSTKQITFIRIHKGSQVCRCSECGKIFRNPRYFSVHKKIHTGERPYVCQDCGKGFVQSSSLTQHQRVHSGERPFE,118,92
1248,0.0,LISSGVLKHQVTHTGEKSHRSSKSREAFHAGKRHYKCSECGKAFGQKYLLVQHQRLHAGKKTYECSECGKLFRDMSNLFIHQIVHTGERPYG,119,92
1249,0.0,HAGKRHYKCSECGKAFGQKYLLVQHQRLHAGKKTYECSECGKLFRDMSNLFIHQIVHTGERPYGCSNCGKSFSRNAHLIEHQRVHTGEKPFT,119,92
1250,0.0,HAGKKTYECSECGKLFRDMSNLFIHQIVHTGERPYGCSNCGKSFSRNAHLIEHQRVHTGEKPFTCSECGKAFRHNSTLVQHHKIHTGVRPYE,119,92
1258,0.0,HIGEKPFKCNECGRLFRENSSLVKHQRVHTGAKPYECRECGKFFRHNSSLFKHRRIHTGEMQ,119,62
1264,0.0,HTGEKRYQCRECGKAFIQNAGLFQHLRVHTGEKPYQCSQCSKLFSKRTLLKKHQKIHTGERP,120,62
1269,0.0,HTRKKPFKYKEFGKSFCIFSNLTQHKIICTRVNFYKCEDCGKAFNGSSIFTKHKRIHIGEKSYICEECGKACNQFTNLTTHKIIYTRDKLYK,122,92
1271,0.0,HTGEKPYKCEECGKAFNQSSHLTRHKIIHTGEKPYRCEECGKAFRQSSHLTTHKIIHTGEKPYKCEECGKAFNKSSHLTRHKSIHTGEKPYQ,122,92
1272,0.0,HTGEKPYRCEECGKAFRQSSHLTTHKIIHTGEKPYKCEECGKAFNKSSHLTRHKSIHTGEKPYQCEKCGKASNQSSNLTEHKNIHTEEKPYK,122,92
1273,0.0,HTGEKPYKCEECGKAFNKSSHLTRHKSIHTGEKPYQCEKCGKASNQSSNLTEHKNIHTEEKPYKCEECGKAFNQFSNLTTHKRIHTGEKPYK,122,92
1274,0.0,HTGEKPYKCEECGKAFNQSSILTTHKRIHTGEKSYKCEECGKAFYRSSKLTEHKKIHTGEKPYTCEECGKAFNHSSHLATHKVIHTGEKPYQ,122,92
1277,0.0,TTQSKIFPCDKYIKVFHKIFNSNRHKTRHTGEKPFKCKKCDESFCMLLHLHQHKRIHIRENSYQCEECDKVFKRFSTLTRHKRVHTGEKPFK,123,92
1278,0.0,HTGEKPFKCKKCDESFCMLLHLHQHKRIHIRENSYQCEECDKVFKRFSTLTRHKRVHTGEKPFKCEECGKAFKHSSTLTTHKMIHTGEKPYR,123,92
1279,0.0,HTGEKPFKCEECGKAFKHSSTLTTHKMIHTGEKPYRCEECGKAFYHSSHLTTHKVIHTGEKPFKCEECGKAFNHPSALTTHKFIHVKEKPYK,123,92
1280,0.0,HTGEKPYRCEECGKAFYHSSHLTTHKVIHTGEKPFKCEECGKAFNHPSALTTHKFIHVKEKPYKCEECDKAFNRFSYLTKHKIIHSGEKSYK,123,92
1281,0.0,HTGEKPFKCEECGKAFNHPSALTTHKFIHVKEKPYKCEECDKAFNRFSYLTKHKIIHSGEKSYKCEQCGKGFNWSSTLTKHKRIHTGEKPYK,123,92
1282,0.0,HVKEKPYKCEECDKAFNRFSYLTKHKIIHSGEKSYKCEQCGKGFNWSSTLTKHKRIHTGEKPYKCEECGKAFNVSSHLTTHKMIHTGEKPYK,123,92
1283,0.0,HSGEKSYKCEQCGKGFNWSSTLTKHKRIHTGEKPYKCEECGKAFNVSSHLTTHKMIHTGEKPYKCEECGKAFNHSSKLTIHKIIHTGEKPYK,123,92
1304,0.0,HTGERPYECKECGKAFSQNSHLAQHQRIHTGEKPYKCQECRKAFSQIAYLAQHQRVHTGEKPYECIECGKAFSNDSSLTQHQRVHTGEKPYE,125,92
1305,0.0,HTGEKPYKCQECRKAFSQIAYLAQHQRVHTGEKPYECIECGKAFSNDSSLTQHQRVHTGEKPYECTVCGKAFSYCGSLAQHQRIHTGERPYE,125,92
1306,0.0,HTGEKPYECIECGKAFSNDSSLTQHQRVHTGEKPYECTVCGKAFSYCGSLAQHQRIHTGERPYECKECKKTFRQHAHLAHHQRIHIGESLSP,125,92
1307,0.0,HTGEKPYECTVCGKAFSYCGSLAQHQRIHTGERPYECKECKKTFRQHAHLAHHQRIHIGESLSPPNPVNHQVL,125,73
1314,0.0,HTEERYHECNECGKAFKHSSGLIRHQKIHTGEKPYLCNECGKGFGQSSELIRHQRIHTGDKPYECNECGKTFGQNSEIIRHIRIHTGEKPYV,126,92
1315,0.0,HTGEKPYLCNECGKGFGQSSELIRHQRIHTGDKPYECNECGKTFGQNSEIIRHIRIHTGEKPYVCKECGKAFRGNSELLRHERIHTGEKPYE,126,92
1316,0.0,HTGDKPYECNECGKTFGQNSEIIRHIRIHTGEKPYVCKECGKAFRGNSELLRHERIHTGEKPYECFECGKAFRRTSHLIVHQRIHTGEKPHQ,126,92
1317,0.0,HTGEKPYVCKECGKAFRGNSELLRHERIHTGEKPYECFECGKAFRRTSHLIVHQRIHTGEKPHQCNECARTFWDNSELLLHQKIHIGEKPYE,126,92
1318,0.0,HTGEKPYECFECGKAFRRTSHLIVHQRIHTGEKPHQCNECARTFWDNSELLLHQKIHIGEKPYECSECEKTFSQHSQLIIHQRIHTGEKPYE,126,92
1319,0.0,HTGEKPHQCNECARTFWDNSELLLHQKIHIGEKPYECSECEKTFSQHSQLIIHQRIHTGEKPYECQECQKTFSRSSHLLRHQSVHCME,126,88
1320,0.0,HIGEKPYECSECEKTFSQHSQLIIHQRIHTGEKPYECQECQKTFSRSSHLLRHQSVHCME,126,60
1321,0.0,DVSSLQHYVQNNSHDDNGYRKLVGNNPSKFVGQQLKCNACRKLFSSKSRLQSHLRRHACQKPFECHSCGRAFGEKWKLDKHQKTHAEERPYK,127,92
1322,0.0,KFVGQQLKCNACRKLFSSKSRLQSHLRRHACQKPFECHSCGRAFGEKWKLDKHQKTHAEERPYKCENCGNAYKQKSNLFQHQKMHTKEKPYQ,127,92
1323,0.0,HACQKPFECHSCGRAFGEKWKLDKHQKTHAEERPYKCENCGNAYKQKSNLFQHQKMHTKEKPYQCKTCGKAFSWKSSCINHEKIHNAKKSYQ,127,92
1324,0.0,HAEERPYKCENCGNAYKQKSNLFQHQKMHTKEKPYQCKTCGKAFSWKSSCINHEKIHNAKKSYQCNECEKSFRQNSTLIQHKKVHTGQKPFQ,127,92
1325,0.0,HTKEKPYQCKTCGKAFSWKSSCINHEKIHNAKKSYQCNECEKSFRQNSTLIQHKKVHTGQKPFQCTDCGKAFIYKSDLVKHQRIHTGEKPYK,127,92
1330,0.0,HTGEKPYECNRCGKAFFQKSNLHSHQKTHSGERTYRCSECGKTFIRKLNLSLHKKTHTGQKPYGCSECGKAFADRSYLVRHQKRIHSR,127,88
1331,0.0,HSGERTYRCSECGKTFIRKLNLSLHKKTHTGQKPYGCSECGKAFADRSYLVRHQKRIHSR,127,60
1332,0.0,HAGKRPYHRRDYGVAFKGRPHLTQHMSMYDGRKMHECHQCQKAFTTSASLTRHRRIHTGEKPYECSDCGKAFNDPSALRSHARTHLKEKPFD,128,92
1333,0.0,YDGRKMHECHQCQKAFTTSASLTRHRRIHTGEKPYECSDCGKAFNDPSALRSHARTHLKEKPFDCSQCGNAFRTLSALKIHMRVHTGERPYK,128,92
1334,0.0,HTGEKPYECSDCGKAFNDPSALRSHARTHLKEKPFDCSQCGNAFRTLSALKIHMRVHTGERPYKCDQCGKAYGRSCHLIAHKRTHTGERPYE,128,92
1339,0.0,HMVEKTYECKECGKSFGDLVSRRKHMRIHIVKKPVECRQCGKTFRNQSILKTHMNSHTGEKPYGCDLCGKAFSASSNLTAHRKIHTQERRYE,128,92
1340,0.0,HIVKKPVECRQCGKTFRNQSILKTHMNSHTGEKPYGCDLCGKAFSASSNLTAHRKIHTQERRYECAACGKVFGDYLSRRRHMSVHLVKKRVE,128,92
1341,0.0,HTGEKPYGCDLCGKAFSASSNLTAHRKIHTQERRYECAACGKVFGDYLSRRRHMSVHLVKKRVECRQCGKAFRNQSTLKTHMRSHTGEKPYE,128,92
1342,0.0,HTQERRYECAACGKVFGDYLSRRRHMSVHLVKKRVECRQCGKAFRNQSTLKTHMRSHTGEKPYECDHCGKAFSIGSNLNVHRRIHTGEKPYE,128,92
1343,0.0,HLVKKRVECRQCGKAFRNQSTLKTHMRSHTGEKPYECDHCGKAFSIGSNLNVHRRIHTGEKPYECLVCGKAFSDHSSLRSHVKTHRGEKLFV,128,92
1344,0.0,HTGEKPYECDHCGKAFSIGSNLNVHRRIHTGEKPYECLVCGKAFSDHSSLRSHVKTHRGEKLFVSSVWKRLQ,128,72
1353,0.0,HTGEKSNGCPQCGKAFSRKSNLIRHQKTHTGEKPYECKQCGKFFSCKSNLIVHQKTHKVETTGIQ,129,65
1354,0.0,EMMTPESERVQVEGGMESSLLPYVSNILSPAGQIFMCPLCNKVFPSPHILQIHLSTHFREQDGIRSKPAADVNVPTCSLCGKTFSCMYTLKR,130,92
1358,0.0,NVSSNLVTQEPSPEETSTKRSIKQNSNPVKKEKSCKCNECGKAFSYCSALIRHQRTHTGEKPYKCNECEKAFSRSENLINHQRIHTGDKPYK,131,92
1359,0.0,NVSSNLVTQEPSPEETSTKRSIKQNSNPVKKEKSCKCNECGKAFSYCSALIRHQRTHTGEKPYKCNECEKAFSRSENLINHQRIHTGDKPYK,131,92
1360,0.0,VKKEKSCKCNECGKAFSYCSALIRHQRTHTGEKPYKCNECEKAFSRSENLINHQRIHTGDKPYKCDQCGKGFIEGPSLTQHQRIHTGEKPYK,131,92
1361,0.0,HTGEKPYKCNECEKAFSRSENLINHQRIHTGDKPYKCDQCGKGFIEGPSLTQHQRIHTGEKPYKCDECGKAFSQRTHLVQHQRIHTGEKPYT,131,92
1365,0.0,HTGEKPFKCDECDKTFTRSTHLTQHQKIHTGEKTYKCNECGKAFNGPSTFIRHHMIHTGEKPYECNECGKAFSQHSNLTQHQKTHTGEKPYD,131,92
1366,0.0,HTGEKTYKCNECGKAFNGPSTFIRHHMIHTGEKPYECNECGKAFSQHSNLTQHQKTHTGEKPYDCAECGKSFSYWSSLAQHLKIHTGEKPYK,131,92
1367,0.0,HTGEKPYECNECGKAFSQHSNLTQHQKTHTGEKPYDCAECGKSFSYWSSLAQHLKIHTGEKPYKCNECGKAFSYCSSLTQHRRIHTREKPFE,131,92
1368,0.0,HTGEKPYDCAECGKSFSYWSSLAQHLKIHTGEKPYKCNECGKAFSYCSSLTQHRRIHTREKPFECSECGKAFSYLSNLNQHQKTHTQEKAYE,131,92
1369,0.0,HTGEKPYKCNECGKAFSYCSSLTQHRRIHTREKPFECSECGKAFSYLSNLNQHQKTHTQEKAYECKECGKAFIRSSSLAKHERIHTGEKPYQ,131,92
1370,0.0,HTREKPFECSECGKAFSYLSNLNQHQKTHTQEKAYECKECGKAFIRSSSLAKHERIHTGEKPYQCHECGKTFSYGSSLIQHRKIHTGERPYK,131,92
1371,0.0,HTQEKAYECKECGKAFIRSSSLAKHERIHTGEKPYQCHECGKTFSYGSSLIQHRKIHTGERPYKCNECGRAFNQNIHLTQHKRIHTGAKPYE,131,92
1372,0.0,HTGEKPYQCHECGKTFSYGSSLIQHRKIHTGERPYKCNECGRAFNQNIHLTQHKRIHTGAKPYECAECGKAFRHCSSLAQHQKTHTEEKPYQ,131,92
1373,0.0,HTGERPYKCNECGRAFNQNIHLTQHKRIHTGAKPYECAECGKAFRHCSSLAQHQKTHTEEKPYQCNKCEKTFSQSSHLTQHQRIHTGEKPYK,131,92
1374,0.0,HTGAKPYECAECGKAFRHCSSLAQHQKTHTEEKPYQCNKCEKTFSQSSHLTQHQRIHTGEKPYKCNECDKAFSRSTHLTEHQNTHTGEKPYN,131,92
1375,0.0,HTEEKPYQCNKCEKTFSQSSHLTQHQRIHTGEKPYKCNECDKAFSRSTHLTEHQNTHTGEKPYNCNECRKTFSQSTYLIQHQRIHSGEKPFG,131,92
1376,0.0,HTGEKPYKCNECDKAFSRSTHLTEHQNTHTGEKPYNCNECRKTFSQSTYLIQHQRIHSGEKPFGCNDCGKSFRYRSALNKHQRLHPGI,131,88
1377,0.0,HTGEKPYNCNECRKTFSQSTYLIQHQRIHSGEKPFGCNDCGKSFRYRSALNKHQRLHPGI,131,60
1378,0.0,HLREDIAQIPTCAEAGEQEGRLQRKQKNATGGRRHICHECGKSFAQSSGLSKHRRIHTGEKPYECEECGKAFIGSSALVIHQRVHTGEKPYE,132,92
1379,0.0,ATGGRRHICHECGKSFAQSSGLSKHRRIHTGEKPYECEECGKAFIGSSALVIHQRVHTGEKPYECEECGKAFSHSSDLIKHQRTHTGEKPYE,132,92
1383,0.0,RIHTGDKNVQEPEQGEAWKSRMESQLENVETPMSYKCNECERSFTQNTGLIEHQKIHTGEKPYQCNACGKGFTRISYLVQHQRSHVGKNILS,132,92
1384,0.0,VETPMSYKCNECERSFTQNTGLIEHQKIHTGEKPYQCNACGKGFTRISYLVQHQRSHVGKNILSQ,132,65
1389,0.0,RQWGDLTAEEWVSYPLQPVTDLLVHKEVHTGIRYHICSHCGKAFSQISDLNRHQKTHTGDRPYKCYECGKGFSRSSHLIQHQRTHTGERPYD,134,92
1390,0.0,HTGIRYHICSHCGKAFSQISDLNRHQKTHTGDRPYKCYECGKGFSRSSHLIQHQRTHTGERPYDCNECGKSFGRSSHLIQHQTIHTGEKPHK,134,92
1391,0.0,HTGDRPYKCYECGKGFSRSSHLIQHQRTHTGERPYDCNECGKSFGRSSHLIQHQTIHTGEKPHKCNECGKSFCRLSHLIQHQRTHSGEKPYE,134,92
1392,0.0,HTGERPYDCNECGKSFGRSSHLIQHQTIHTGEKPHKCNECGKSFCRLSHLIQHQRTHSGEKPYECEECGKSFSRSSHLAQHQRTHTGEKPYE,134,92
1393,0.0,HTGEKPHKCNECGKSFCRLSHLIQHQRTHSGEKPYECEECGKSFSRSSHLAQHQRTHTGEKPYECNECGRGFSERSDLIKHYRVHTGERPYK,134,92
1394,0.0,HSGEKPYECEECGKSFSRSSHLAQHQRTHTGEKPYECNECGRGFSERSDLIKHYRVHTGERPYKCDECGKNFSQNSDLVRHRRAHTGEKPYH,134,92
1400,0.0,HTGEKPYECVQCGKGFTQSSNLITHQRVHTGEKPYECTECEKSFSRSSALIKHKRVHTD,134,59
1401,0.0,LHTAIKFPASQKLISTKSQFISPKHQKTRKLEKHHVCSECGKAFIKKSWLTDHQVMHTGEKPHRCSLCEKAFSRKFMLTEHQRTHTGEKPYE,135,92
1414,0.0,HSHERPYSCTECGKCYSQNSSLRSHQRVHTGQRPFSCGICGKSFSQRSALIPHARSHAREKPFKCPECGKRFGQSSVLAIHARTHLPGRTYS,136,92
1415,0.0,HTGQRPFSCGICGKSFSQRSALIPHARSHAREKPFKCPECGKRFGQSSVLAIHARTHLPGRTYSCPDCGKTFNRSSTLIQHQRSHTGERPYR,136,92
1416,0.0,HAREKPFKCPECGKRFGQSSVLAIHARTHLPGRTYSCPDCGKTFNRSSTLIQHQRSHTGERPYRCAVCGKGFCRSSTLLQHHRVHSGERPYK,136,92
1417,0.0,HLPGRTYSCPDCGKTFNRSSTLIQHQRSHTGERPYRCAVCGKGFCRSSTLLQHHRVHSGERPYKCDDCGKAFSQSSDLIRHQRTHAAGRR,136,90
1418,0.0,HTGERPYRCAVCGKGFCRSSTLLQHHRVHSGERPYKCDDCGKAFSQSSDLIRHQRTHAAGRR,136,62
1419,0.0,TTQSEIFQYDKYVNVFYKFSNPNIQKIRHTGKKPFKCKKCDKSFCMLLHLTQHKRIHIRENSYQCEECGKVFNWFSTLTRHRRIHTGEKPYK,137,92
1426,0.0,HAGEKPYKCEECGKAFYRFSYLTKHKIIHTGEKFYKCEECGKGFNWSSTLTKHKRIHTGEKPYKCEQCGKAFNESSNLTAHKIIHTGEKPYK,137,92
1427,0.0,HTGEKFYKCEECGKGFNWSSTLTKHKRIHTGEKPYKCEQCGKAFNESSNLTAHKIIHTGEKPYKCEECGKAFNRSPKLTAHKVIHSGEKPYK,137,92
1428,0.0,HTGEKPYKCEQCGKAFNESSNLTAHKIIHTGEKPYKCEECGKAFNRSPKLTAHKVIHSGEKPYKCEECGKAFNQFSNLTKHKITHIGDTSYK,137,92
1429,0.0,HTGEKPYKCEECGKAFNRSPKLTAHKVIHSGEKPYKCEECGKAFNQFSNLTKHKITHIGDTSYKYLECDKAFSQSSTLTKHKVIHTGEKPYN,137,92
1440,0.0,HTGEKPYKCSVCGKAFSQSVHLTQHQRIHNGEKPFKCNICGKAYRQGANLTQHQRIHTGEKPYKCNECGKAFIYSSSLNQHQRTHTGERPYK,138,92
1441,0.0,HNGEKPFKCNICGKAYRQGANLTQHQRIHTGEKPYKCNECGKAFIYSSSLNQHQRTHTGERPYKCNECDKDFSQRTCLIQHQRIHTGEKPYA,138,92
1442,0.0,HTGEKPYKCNECGKAFIYSSSLNQHQRTHTGERPYKCNECDKDFSQRTCLIQHQRIHTGEKPYACRICGKTFTQSTNLIQHQRVHTGAKHRN,138,92
1443,0.0,HTGERPYKCNECDKDFSQRTCLIQHQRIHTGEKPYACRICGKTFTQSTNLIQHQRVHTGAKHRN,138,64
1449,0.0,HTGEKPYECKDCGKTFRQCTHLTRHQRLHTAEKLYECKECGKAFVCGPDLRVHQKIHFGEKPYECKECGKAFRICQQLTVHQSIHTGEKPYE,139,92
1450,0.0,HTAEKLYECKECGKAFVCGPDLRVHQKIHFGEKPYECKECGKAFRICQQLTVHQSIHTGEKPYECKECGKTFRLRQQLVRHQRIHTREKPYE,139,92
1451,0.0,HFGEKPYECKECGKAFRICQQLTVHQSIHTGEKPYECKECGKTFRLRQQLVRHQRIHTREKPYECMECWKTFSSYSQLISHQSIHIGERPYE,139,92
1452,0.0,HTGEKPYECKECGKTFRLRQQLVRHQRIHTREKPYECMECWKTFSSYSQLISHQSIHIGERPYECEECGKAFRLLSQLTQHQSIHTGEKPYE,139,92
1453,0.0,HIGERPYECEECGKAFRLLSQLTQHQSIHTGEKPYECKECRKPFRLLSQLTQHQSIHTGEKPYECKECGKAFRLYSFLTQHQRIHTGEKPYK,139,92
1454,0.0,HTGEKPYECKECRKPFRLLSQLTQHQSIHTGEKPYECKECGKAFRLYSFLTQHQRIHTGEKPYKCKECKKAFRQHSHLTQHQKIHNGI,139,88
1455,0.0,HTGEKPYECKECGKAFRLYSFLTQHQRIHTGEKPYKCKECKKAFRQHSHLTQHQKIHNGI,139,60
1456,0.0,FWCEAEHEAPSEQSVSVEGVSQVRTAESGLFQKAHPCEMCDPLLKDILHLAEHQGSHLTQKLCTRGLCRRRFSFSANFYQHQKQHNGENCFR,140,92
1457,0.0,GLFQKAHPCEMCDPLLKDILHLAEHQGSHLTQKLCTRGLCRRRFSFSANFYQHQKQHNGENCFRGDDGGASFVKSCTVHMLGRSFTCREEGM,140,92
1458,0.0,YDGQMLFSCGDEGKAFLDTFTLLDSQMTHAEVRPFRCLPCGNVFKEKSALINHRKIHSGEISHVCKECGKAFIHLHHLKMHQKFHTGKRHYT,140,92
1459,0.0,HAEVRPFRCLPCGNVFKEKSALINHRKIHSGEISHVCKECGKAFIHLHHLKMHQKFHTGKRHYTCSECGKAFSRKDTLVQHQRVHTGERSYD,140,92
1464,0.0,HTGARPYECIECGKFFSHNSSLIKHRRVHTGARSYVCSKCGKAFGCKDTLVQHQIIHTGARPYECSECGKAFSRKDTLVQHQKIHTGERPYE,140,92
1466,0.0,HTGARPYECSECGKAFSRKDTLVQHQKIHTGERPYECGECGKFFSHSSNLIVHQRIHTGAKPYECNECGKCFSHNSSLILHQRVHTGARPYV,140,92
1467,0.0,HTGERPYECGECGKFFSHSSNLIVHQRIHTGAKPYECNECGKCFSHNSSLILHQRVHTGARPYVCSECGKAYISSSHLVQHKKVHTGARPYE,140,92
1468,0.0,HTGAKPYECNECGKCFSHNSSLILHQRVHTGARPYVCSECGKAYISSSHLVQHKKVHTGARPYECSECGKFFSRNSGLILHQRVHTGEKPYV,140,92
1469,0.0,HTGARPYVCSECGKAYISSSHLVQHKKVHTGARPYECSECGKFFSRNSGLILHQRVHTGEKPYVCSECGKAYSRSSHLVRHQKAHTGERAHE,140,92
1470,0.0,HTGARPYECSECGKFFSRNSGLILHQRVHTGEKPYVCSECGKAYSRSSHLVRHQKAHTGERAHECNSFGGPLAASLKLV,140,79
1475,0.0,HGEEKPYKCDVCNLQFATSSNLKIHARKHSGEKPYVCDRCGQRFAQASTLTYHVRRHTGEKPYVCDTCGKAFAVSSSLITHSRKHTGEKPYI,141,92
1476,0.0,HSGEKPYVCDRCGQRFAQASTLTYHVRRHTGEKPYVCDTCGKAFAVSSSLITHSRKHTGEKPYICGICGKSFISSGELNKHFRSHTGERPFI,141,92
1477,0.0,HTGEKPYVCDTCGKAFAVSSSLITHSRKHTGEKPYICGICGKSFISSGELNKHFRSHTGERPFICELCGNSYTDIKNLKKHKTKVHSGADKT,141,92
1478,0.0,HTGEKPYICGICGKSFISSGELNKHFRSHTGERPFICELCGNSYTDIKNLKKHKTKVHSGADKTLDSSAEDHTLSEQDSIQKSPLSETMDVK,141,92
1479,0.0,LVWYGDEYGQELGIKWGSKWKKELMAGREPKPEIHPCPSCCLAFSSQKFLSQHVERNHSSQNFPGPSARKLLQPENPCPGDQNQEQQYPDPH,142,92
1480,0.0,ISRIAKVKYGECGQGFSVKSDVITHQRTHTGEKLYVCRECGRGFSWKSHLLIHQRIHTGEKPYVCRECGRGFSWQSVLLTHQRTHTGEKPYV,142,92
1481,0.0,HTGEKPYVCRECGRGFSWQSVLLTHQRTHTGEKPYVCRECGRGFSRQSVLLTHQRRHTGEKPYVCRECGRGFSRQSVLLTHQRRHTGEKPYV,142,92
1482,0.0,HTGEKPYVCRECGRGFSRQSVLLTHQRRHTGEKPYVCRECGRGFSRQSVLLTHQRRHTGEKPYVCRECGRGFSWQSVLLTHQRTHTGEKPYV,142,92
1490,0.0,HTGEKPYVCRECGRGFRNKSHLLRHQRTHTGEKPYVCRECGRGFSDRSSLCYHQRTHTGEKPYVCREDE,142,69
1491,0.0,GRYVNQMIINYVKRPATREGTPPRTHQRHHKENSFECKDCGKAFSRGYQLSQHQKIHTGEKPYECKECKKAFRWGNQLTQHQKIHTGEKPYE,143,92
1492,0.0,HHKENSFECKDCGKAFSRGYQLSQHQKIHTGEKPYECKECKKAFRWGNQLTQHQKIHTGEKPYECKDCGKAFRWGSSLVIHKRIHTGEKPYE,143,92
1493,0.0,HTGEKPYECKECKKAFRWGNQLTQHQKIHTGEKPYECKDCGKAFRWGSSLVIHKRIHTGEKPYECKDCGKAFRRGDELTQHQRFHTGEKDYE,143,92
1494,0.0,HTGEKPYECKDCGKAFRWGSSLVIHKRIHTGEKPYECKDCGKAFRRGDELTQHQRFHTGEKDYECKDCGKTFSRVYKLIQHKRIHSGEKPYE,143,92
1495,0.0,HTGEKPYECKDCGKAFRRGDELTQHQRFHTGEKDYECKDCGKTFSRVYKLIQHKRIHSGEKPYECKDCGKAFICGSSLIQHKRIHTGEKPYE,143,92
1496,0.0,HTGEKDYECKDCGKTFSRVYKLIQHKRIHSGEKPYECKDCGKAFICGSSLIQHKRIHTGEKPYECQECGKAFTRVNYLTQHQKIHTGEKPHE,143,92
1500,0.0,HTGEKPYKCTECGKAFNCGYHLTQHERIHTGETPYKCKECGKAFIYGSSLVKHERIHTGVKPYGCTECGKSFSHGHQLTQHQKTHSGAKSYE,143,92
1501,0.0,HTGETPYKCKECGKAFIYGSSLVKHERIHTGVKPYGCTECGKSFSHGHQLTQHQKTHSGAKSYECKECGKACNHLNHLREHQRIHNS,143,87
1502,0.0,HTGVKPYGCTECGKSFSHGHQLTQHQKTHSGAKSYECKECGKACNHLNHLREHQRIHNS,143,59
1503,0.0,PTEKGACPPVRRGKNFSSTSDLSKPPMPCEEKKTYDCSECGKAFSRSSSLIKHQRIHTGEKPFECDTCGKHFIERSSLTIHQRVHTGEKPYA,144,92
1504,0.0,CEEKKTYDCSECGKAFSRSSSLIKHQRIHTGEKPFECDTCGKHFIERSSLTIHQRVHTGEKPYACGDCGKAFSQRMNLTVHQRTHTGEKPYV,144,92
1513,0.0,HTGEKPYECYICKKHFTGRSSLIVHQIVHTGEKPYVCGECGKAFSQSAYLIEHQRIHTGEKPYRCGQCGKSFIKNSSLTVHQRIHTGEKPYR,144,92
1514,0.0,HTGEKPYVCGECGKAFSQSAYLIEHQRIHTGEKPYRCGQCGKSFIKNSSLTVHQRIHTGEKPYRCGECGKTFSRNTNLTRHLRIHT,144,86
1515,0.0,HTGEKPYRCGQCGKSFIKNSSLTVHQRIHTGEKPYRCGECGKTFSRNTNLTRHLRIHT,144,58
1523,0.0,HTGQKTYECSECGKSFHQSSSLLQRQTLHTRERPYECIECGKAFAEKSSLINHRKVHSGAKRYECNECGKSFAYTSSLIKHRRIHTGERPYE,146,92
1524,0.0,HTRERPYECIECGKAFAEKSSLINHRKVHSGAKRYECNECGKSFAYTSSLIKHRRIHTGERPYECSECGRSFAENSSLIKHLRVHTGERPYE,146,92
1525,0.0,HSGAKRYECNECGKSFAYTSSLIKHRRIHTGERPYECSECGRSFAENSSLIKHLRVHTGERPYECVECGKSFRRSSSLLQHQRVHTRERPYE,146,92
1530,0.0,HTGERPYECSDCGKSFAENSSLIKHLRVHTGERPYECIDCGKSFRHSSSFRRHQRVHTGMRPYK,146,64
1531,0.0,HTRQKSSQGNGYKPSFSDVSHFDFHQQLHSGEKSHTCDECGKNFCYISALRIHQRVHMGEKCYKCDVCGKEFSQSSHLQTHQRVHTGEKPFK,147,92
1532,0.0,HSGEKSHTCDECGKNFCYISALRIHQRVHMGEKCYKCDVCGKEFSQSSHLQTHQRVHTGEKPFKCVECGKGFSRRSALNVHHKLHTGEKPYN,147,92
1533,0.0,HMGEKCYKCDVCGKEFSQSSHLQTHQRVHTGEKPFKCVECGKGFSRRSALNVHHKLHTGEKPYNCEECGKAFIHDSQLQEHQRIHTGEKPFK,147,92
1534,0.0,HTGEKPFKCVECGKGFSRRSALNVHHKLHTGEKPYNCEECGKAFIHDSQLQEHQRIHTGEKPFKCDICGKSFCGRSRLNRHSMVHTAEKPFR,147,92
1542,0.0,HTGEKLYNCKECGKSFSRAPCLLKHERLHSGEKPFQCEECGKRFTQNSHLHSHQRVHTGEKPYKCEKCGKGYNSKFNLDMHQKVHTGERPYN,147,92
1543,0.0,HSGEKPFQCEECGKRFTQNSHLHSHQRVHTGEKPYKCEKCGKGYNSKFNLDMHQKVHTGERPYNCKECGKSFGWASCLLKHQRLHSGEKPFK,147,92
1544,0.0,HTGEKPYKCEKCGKGYNSKFNLDMHQKVHTGERPYNCKECGKSFGWASCLLKHQRLHSGEKPFKCEECGKRFTQNSQLHSHQRVHTGEKPYK,147,92
1545,0.0,HTGERPYNCKECGKSFGWASCLLKHQRLHSGEKPFKCEECGKRFTQNSQLHSHQRVHTGEKPYKCDECGKGFSWSSTRLTHQRRHSRETPLK,147,92
1546,0.0,HSGEKPFKCEECGKRFTQNSQLHSHQRVHTGEKPYKCDECGKGFSWSSTRLTHQRRHSRETPLKCEQHGKNIVQNSFSKVQEKVHSVEKPYK,147,92
1547,0.0,HSRETPLKCEQHGKNIVQNSFSKVQEKVHSVEKPYKCEDCGKGYNRRLNLDMHQRVHMGEKTWKCRECDMCFSQASSLRLHQNVHVGEKP,147,90
1548,0.0,HSVEKPYKCEDCGKGYNRRLNLDMHQRVHMGEKTWKCRECDMCFSQASSLRLHQNVHVGEKP,147,62
1549,0.0,TTQNKIFQCDKYVKVFHKFSNSNRHTIRHTGKKSFKCKECEKSFCMLSHLAQHKRIHSGEKPYKCKECGKAYNETSNLSTHKRIHTGKKPYK,148,92
1550,0.0,HTGKKSFKCKECEKSFCMLSHLAQHKRIHSGEKPYKCKECGKAYNETSNLSTHKRIHTGKKPYKCEECGKAFNRLSHLTTHKIIHTGKKPYK,148,92
1556,0.0,HSGEKPYKCEECGKAFKQSSTLTTHKRIHAGEKFYKCEVCSKAFSRFSHLTTHKRIHTGEKPYKCEECGKAFNLSSQLTTHKIIHTGEKPYK,148,92
1557,0.0,HAGEKFYKCEVCSKAFSRFSHLTTHKRIHTGEKPYKCEECGKAFNLSSQLTTHKIIHTGEKPYKCEECGKAFNQSSTLSKHKVIHTGEKPYK,148,92
1558,0.0,HTGEKPYKCEECGKAFNLSSQLTTHKIIHTGEKPYKCEECGKAFNQSSTLSKHKVIHTGEKPYKYEECGKAFNQSSHLTTHKMIHTGEKPYK,148,92
1559,0.0,HTGEKPYKYEECGKAFNQSSHLTTHKMIHTGEKPYKCEECGKAFNNSSILNRHKMIHTGEKLYKPESCNNACDNIAKISKYKRNCAGEK,148,89
1560,0.0,LPRKRDRKYDTPGKRSRYNIDLVNHSRSYTKMKTFECNICEKIFKQLIHLTEHMRIHTGEKPFRCKECGKAFSQSSSLIPHQRIHTGEKPYE,149,92
1561,0.0,YTKMKTFECNICEKIFKQLIHLTEHMRIHTGEKPFRCKECGKAFSQSSSLIPHQRIHTGEKPYECKECGKTFRHPSSLTQHVRIHTGEKPYE,149,92
1562,0.0,HTGEKPFRCKECGKAFSQSSSLIPHQRIHTGEKPYECKECGKTFRHPSSLTQHVRIHTGEKPYECRVCEKAFSQSIGLIQHLRTHVREKPFT,149,92
1563,0.0,HTGEKPYECKECGKTFRHPSSLTQHVRIHTGEKPYECRVCEKAFSQSIGLIQHLRTHVREKPFTCKDCGKAFFQIRHLRQHEIIHTGVKPYI,149,92
1564,0.0,HTGEKPYECRVCEKAFSQSIGLIQHLRTHVREKPFTCKDCGKAFFQIRHLRQHEIIHTGVKPYICNVCSKTFSHSTYLTQHQRTHTGERPYK,149,92
1569,0.0,HTREKPFQGENCKQFFSDVSFFDLPQQLYSGEKSHTCDECGKSFCYISALHIHQRVHMGVKCYKCDVCGKEFSQSSRLQTHQRVHTGEKPFK,150,92
1570,0.0,YSGEKSHTCDECGKSFCYISALHIHQRVHMGVKCYKCDVCGKEFSQSSRLQTHQRVHTGEKPFKCEQCGKGFRCRSALKVHCKLHMREKPYN,150,92
1574,0.0,HTAEKLYKSEKYGRGFIDRLDLHKHQMIHMGQKPYNCKECGKSFKWSSYLLVHQRVHTGEKPYKCEECGKGYISKSGLDFHHRTHTGERSYN,150,92
1575,0.0,HMGQKPYNCKECGKSFKWSSYLLVHQRVHTGEKPYKCEECGKGYISKSGLDFHHRTHTGERSYNCDNCGKSFRHASSILNHKKLHCQRKPLK,150,92
1576,0.0,HTGEKPYKCEECGKGYISKSGLDFHHRTHTGERSYNCDNCGKSFRHASSILNHKKLHCQRKPLKCEDCGKRLVCRSYCKDQQRDHSGENPSK,150,92
1577,0.0,EIPYSYSREYNEYENIKLERHVVSFDSSRPTSGKMNCDVCGLSCISFNVLMVHKRSHTGERPFQCNQCGASFTQKGNLLRHIKLHTGEKPFK,151,92
1580,0.0,LKEVPRSYELLKPPPICPRDSVKVINKEGEVMDVYRCDHCRVLFLDYVMFTIHMGCHGFRDPFECNMCGYRSHDRYEFSSHIARGEHRALLK,151,92
1581,0.0,GEVMDVYRCDHCRVLFLDYVMFTIHMGCHGFRDPFECNMCGYRSHDRYEFSSHIARGEHRALLK,151,64
1582,0.0,SMEEKYCGCNKCKGIYYWNSRCVFHKRNQPGENLCQCSICKACFSQRSDLYRHPRNHIGKKLYGCDEVDGNFHQSSGVHFHQRVHIGEVPYS,152,92
1583,0.0,SMEEKYCGCNKCKGIYYWNSRCVFHKRNQPGENLCQCSICKACFSQRSDLYRHPRNHIGKKLYGCDEVDGNFHQSSGVHFHQRVHIGEVPYS,152,92
1584,0.0,HIGKKLYGCDEVDGNFHQSSGVHFHQRVHIGEVPYSCNACGKSFSQISSLHNHQRVHTEEKFYKIECDKDLSRNSLLHIHQRLHIGEKPFKC,152,92
1585,0.0,VHTEEKFYKIECDKDLSRNSLLHIHQRLHIGEKPFKCNQCGKSFNRSSVLHVHQRVHTGEKPYKCDECGKGFSQSSNLRIHQLVHTGEKSYK,152,92
1592,0.0,HTGEKPYKCHDCGKGFSHSSNLHIHQRVHTGEKPYQCAKCGKGFSHSSALRIHQRVHAGEKPYKCREYYKGFDHNSHLHNNHRRGNL,152,87
1593,0.0,NPTVGKSRQNPSQKRDLDAITDISPKQSTHGERGHRCSDCGKFFLQASNFIQHRRIHTGEKPFKCGECGKSYNQRVHLTQHQRVHTGEKPYK,153,92
1594,0.0,HTGEKPFKCGECGKSYNQRVHLTQHQRVHTGEKPYKCQVCGKAFRVSSHLVQHHSVHSGERPYGCNECGKNFGRHSHLIEHLKRHFREKSQR,153,92
1595,0.0,HTGEKPYKCQVCGKAFRVSSHLVQHHSVHSGERPYGCNECGKNFGRHSHLIEHLKRHFREKSQRCSDKRSKNTKLSVKKKISEYSEADMELS,153,92
1596,0.0,GIPMKEILGQPSSKRMNYSEVPYVHKKSSTGERPHKCNECGKSFIQSAHLIQHQRIHTGEKPFRCEECGKSYNQRVHLTQHQRVHTGEKPYT,153,92
1600,0.0,HSGERPFKCNECGKGFGRRSHLAGHLRLHSREKSHQCRECGEIFFQYVSLIEHQVLHMGQKNEKNGICEEAYSWNLTVIEDKKIELQEQPYQ,153,92
1601,0.0,HMGQKNEKNGICEEAYSWNLTVIEDKKIELQEQPYQCDICGKAFGYSSDLIQHYRTHTAEKPYQCDICRENVGQCSHTKQHQKIYSSTKSHQ,153,92
1602,0.0,HTAEKPYQCDICRENVGQCSHTKQHQKIYSSTKSHQCHECGRGFTLKSHLNQHQRIHTGEKPFQCKECGMNFSWSCSLFKHLRSHERTDPIN,153,92
1603,0.0,YSSTKSHQCHECGRGFTLKSHLNQHQRIHTGEKPFQCKECGMNFSWSCSLFKHLRSHERTDPINTLSVEGSLL,153,73
1604,0.0,TTQSKMYQCDKYVKVFYKFSNSDRHKIRHTEKKTCKCKECGKSFCMLSQLTRHKRIHIRENSHKCEECGKAFNQSSALTRHKMTHTGEKPYK,154,92
1605,0.0,TTQSKMYQCDKYVKVFYKFSNSDRHKIRHTEKKTCKCKECGKSFCMLSQLTRHKRIHIRENSHKCEECGKAFNQSSALTRHKMTHTGEKPYK,154,92
1606,0.0,HTEKKTCKCKECGKSFCMLSQLTRHKRIHIRENSHKCEECGKAFNQSSALTRHKMTHTGEKPYKCEECGKAFNRSSHLTQHKVIHTREKPYK,154,92
1607,0.0,HIRENSHKCEECGKAFNQSSALTRHKMTHTGEKPYKCEECGKAFNRSSHLTQHKVIHTREKPYKCEECGKAFNRSSHITQHKRIHNREKPFK,154,92
1608,0.0,HTGEKPYKCEECGKAFNRSSHLTQHKVIHTREKPYKCEECGKAFNRSSHITQHKRIHNREKPFKYDECCKAFKWSSALTTLTQHKRIHTGEK,154,92
1609,0.0,EKPFKYDECCKAFKWSSALTTLTQHKRIHTGEKPYKCEECGKAFNQSSALTRHKMIHTGEKPFQCEECGKAFNRSSHLTQHKIIHTKEKPYK,154,92
1610,0.0,HTGEKPYKCEECGKAFNQSSALTRHKMIHTGEKPFQCEECGKAFNRSSHLTQHKIIHTKEKPYKCEECGKAFNRSSHLTKHKRIHTREKAYK,154,92
1611,0.0,HTGEKPFQCEECGKAFNRSSHLTQHKIIHTKEKPYKCEECGKAFNRSSHLTKHKRIHTREKAYKCDEYCKAFNWSSALTTLTQHKIIHTGEK,154,92
1622,0.0,HRGVKSHSCGICGKCFTQKSTLHDHLNLHSGARPYRCSYCDVRFAHKPAIRRHLKEQHGKTTAENVLEASVAEINVLIR,156,79
